wallet_address,amount_ui
F1VYzwbBbMSeD5NjR2TErcfHuRBtbJehUZSUavvSWFY,30500000.0
An5mRHwnUoVDycy7hdVHTpwfRdviijackuurBRsnm7YZ,24130892.248353
E9Zuou7Mr4vFUXu3MRupiNjKia3TdargBhZhDYPoZKac,16449675.679468
7qoF97mDoWJQEf59AxxhvdM1XByYu7UweNroAm8Awfte,15804299.135166
2MMk7Toe8AZWNjQLMnrsRDBFBcMdtBDCJwyKTFnuToMm,15182089.272257
Aw1rq9VSY5SJisufnfmDJ6jAwJNx768EXypU15k8iVoW,14772349.475235
EQ1jWWW5myAS7zUWxku9vQKxDQCjW8LW2NFrKoedZJLe,13682302.148532
3e5UE4T1Giis7npAPxLgAnBrrK2sz2o8xUdXnShSPnE7,13275121.168977
C4uaZKciHa7uferN7xGzgKcRxGaG9qZ6wH8XLqExUVqE,13070765.716288
GatQry3TzKcAoQkcyPgZjgg38EMQ3TrPpReLE54Hyaku,13059200.743458
DHMhgh9sEVuQHNboKsqHmQzJXmofCPN5b4y4ddsf3dK,13000000.0
4Ai8k3JXkGQwAHpJnL23EXm392uNfPoLo7rDzGNA8U8P,12877585.669716
4hwPamSooBr5JhxHdcEC21HoxN5HUwYR2hGucLPyZAi8,12616171.629578
5mZ4yd6TuZuo7ffuxD2zxzdnQYoFkfSKXFMs7dYGBqF1,12067467.218493
7WXrVYgi2FHrDH57opvDWbiLacQTXYtvg8goALdwn9Um,11964306.658777
A9LqDusdHbgHorwFbkv3HAgUu8aLiawsVpeA4awCpta,11898996.864273
4MtKw51UtCsF2bBjxcNwYoXJifXXTEt88kKZzdBXpLep,11717445.327717
F41vZ7VTu2R9F9ERvBUti3movLHdCTBV4zCxppFrXB5h,11626540.818473
CFLxmPqSQNRF4pP8VXhgTt8xAQLPpenChtjUyycHaZTQ,11467915.518917
32HFTnmj6PbipSzoox3aNSRey8gfdSFFphP3zTBBCMWG,11162865.404298
9SUMkTGNJfbLWEFpEfBhHk4b1CL5C9jFhXzyQd4R6yzc,11082914.99101
7ceKWWzpFdXtfSp2vwHLDkp87nmjG1y7oRbhU6NXoUsp,10132687.689329
FC1e8stprMkb5dWrZNcJsF7aFeWZzsqqTKjuBEb4ASsK,9592014.242143
ED3DpRTepEfsBqL4UPgfcMfVLSRhHNpYXx379NcR27eb,9551143.783365
JAA1R1gq4vyU9mW3G7suJMUFUq2ehX6ZBryKk8WRg4Xx,8917223.82182
7zCzieSUb78uQ4APjTTwNt4kKKLTa22UYVkFQooooM8V,8801213.032367
AEUrBireYLem4gFtYdSaKPhZicfJ6DZhmAuuaicLwsp5,8634904.497932
Eumtha657bKNHwxxVKixyxsbqgjaueeQrevWVtjgU925,8566025.210385
HdxkiXqeN6qpK2YbG51W23QSWj3Yygc1eEk2zwmKJExp,8564565.039512
63pVF4DUpccLgLXqwCoXxjK3q2KevdwzfbQNh1LtjY8o,8462621.876601
5bZ9XpdVNZYkphHCpLYkkED8pHfzQJPFw5uyznAZsUtF,8000212.876176
6ZXowW8p971tdqjd5VeyZegaWvTR1xB5Ug7wcwXFEVzc,7423819.892309
AHtr7UfC3p6u2fCpSikRR3PkEjzYZfYAQBt2Trtpi7xb,6864216.849025
Cv8LoZ3UZcQqbmFuuDgn9dBLiGcvP6UNy3CdteC1hfuC,6827000.0
eZ8k5CRHubmyCYjaKsB55Ew4Rdrc2bji9kPANXhZUfp,6749956.176847
32uw5MRrH9pqWiYLfHLjSEj4CY33o1bJWhetFxRzY9Mp,6591415.634615
BcVMMs1iSRMETapsBAuR1vNnkSYLJPBfWsdk7Lj1BxJe,5531346.428278
AEeJUPCiGR3yCoukTh1G58o4LYsUEyzrXtfmfMc2kJMX,5369217.680194
AQmCqcWawZ6MyLC2KgXfX2zGZEGZQDyCihZE1qmchg6k,5272824.034808
2nKUmHZ3WxQutV9n7GtLYKpMBHud4WMPAzZ4FgWEuHmc,5138491.921611
5ngYjzHLPxZ4zdpCyhj8MMP1HneVjf6JZ7TcAzGtR62z,5022491.275795
4dEVRNjVK6XZQiTNgoCBgZEm24mJhVMvco82x3TRfmmm,5000000.0
8QkgdCbZ3cNJbzu1b41arXpUFKmCmwbbyyjJKABcAYJ1,4942409.96316
5YAhFa8CXHtcmtnYqWLnUeBVuCMThviMb9WejXDiUjUG,4887570.063134
9P8pxq29iTZcny4ofFs51CsQMS8w1MyizkDuLajjq3jA,4838291.999177
8moZjopwrFLR7kTQ1QttcYccXaFW31jjhoqzLWrKaJ9m,4605938.968327
E8wRXPwsWmr8K74zH1HMtLMCsQ2zMdVFhMP3D2X6FEQ5,4591776.353124
8WUXaGAFmpquXbttszYhMZBXEXunrzXhDEFRaAtax6Bt,4574407.499663
4tVkkL9BT2fHQJtHVTHPZTXHQW7kHGFtE1gX5fxsZct8,4533428.992435
FSxnMCGC8zY39Hzr3ZGdNNGwqwyn1ochSrsNjzdwjHS6,4530647.693853
2HMmfWFeBd97Ry4uuKfHNiwvHsSW7D7nDvzagWRhVMZo,4478151.669665
HeRjzsFfZEYst7uX2E5xwnsg8RuM3AkazFTV9CCLKehw,4446303.109054
3AWDTDGZiW8joyfA52LKL7GUWLoKBCBUBLUE5JoWgBCu,4344055.013804
AAJuSR8Wj46zsQSebFXfqVee5Bv5RDmpody2851L7x3L,4230247.314558
AcWAURKHUXHF3zEqR6fje5bGJHdsfd1SyLQmbXqEtf8Y,4111768.388771
5VfnBRyKuTZ2Xmd5i37CnrJB6VummxGkCtfePDM8dhj1,4075009.772603
34FfD7MKrKsXjdkTPsdCCWEDjHCxDPEDYh61XEU6uimR,4017099.728556
8CYmXbMABjSszw6DPQFHLNp5BEGVB7LRqmuS4Vwkwgq9,3914480.497937
7QanCPVJQ2AbACmvSF5jifVSd1YaVrKiUfFKeHdyEE7h,3824152.090747
TaZj5wfXJ42uqAeEp4F2Ci8rq21Hqdv8VLnnAhXNuXC,3801276.095424
H1CVMdGNkwGhk1qsoMwFTXpCF3KmWXnw31PvonLSFya4,3791398.521936
CwFaMAUa6oE2TKU7JtpAz9dYh2qN4HDw9DLoFiGdGvqR,3721682.505922
HJHpNNXksc49uX7oJu8LgjJPa4RViuraN5LP6hsXuGjm,3627700.020024
J8smPmf2M8G7cG4YwPYepMZsEX6WLQQUuRtsn2BdbH7y,3618524.228879
xwUNeGcT3oB4UZmTNC4ZVzkNpirbQoYisogzpZoZbV5,3585074.914539
8jBjPbrDAPBDrAvhkbSizWEZcrEUcgXKWtVyZ49DBRTh,3438026.585106
EKRRVdXrKe4QwhpugAmi3EHBvpHad93Q1MNJR4H1FTLr,3196523.463344
3k8pbXtwJiJVEES5tbHSjeoq7G6fvFds7SZBuJcR5SXz,3188749.795474
3idPQzXX8YNhtDUECFq3x5QXcZUxGs7dJ8wBVPVHRmp3,3185688.421203
814g5NDkNMPcMFCugzG3jtqEn8cKBNc2VQLnavW4RzEL,3166411.749323
CxKFkAu8LngjYmcCjT2siKyAiMrKjbTB96NRXg8jqHH6,3013114.0
4M5quXHp4oKgMCkypJWq8CX3XHGyzp2vmYudxNjyw9EQ,2759273.004801
HMM6RoT2Xo3BNfD5FTNsgFfQZExNDy14PPWMP11ZzT3j,2740046.825398
3nznJk6ZwuLegfxHd33YrfiyMk96RwVGi842oWwfj5vn,2734313.636799
CYvZb9ccMHxaQ2axLMVodJT3mJgqZNtYTWQzuyu4e4yR,2701620.39644
61HxhwfqrSsRqwLrPUtQ9qZosjNBkQtWHpJBUSKEYy3C,2697663.061259
CujignoJ33uJey8CnnuPrcQqQtrT7NCqYNWXbN3bJija,2682293.958101
EURndS4ksjQf6UVfzGvLovE1gaCkpzQHm7uAyvB5BKXt,2663921.284284
FJCoU85RF8MYutSrUubAeWww42XfwxAS9GnnYt2Nqogi,2492506.951201
G2XFkNNibMTQYqN5udfAk2o1gGssK3hhuSdMeg2QNcmF,2485436.525998
Ffo28Xsmekn8d5jmRTYgBLz9pSKW5WSLYA7arQDpxHt3,2460370.758276
5xEbHcicRZXD35Y56iSC4M1rAWuL64XX2k4WDagQPmfT,2441853.946762
6UJ4x11Y1XcidNiuqcLaSGdQNoghnrmCx2xPmRTASXYm,2340148.231489
51RfjWd1LbJyqon5Vnk1EWMaV9A5CufqZ8p3CPVh6xe2,2327730.00095
EdG12mWYNK5EwGFqJHD5Mw1BUehjVaJKwiM2KTnZnt3k,2297147.776126
F9EkZ2uNLubb7kGyR3mb2s9cXLi5FrQpWRfVu2vkpdBr,2295370.716158
C1rKVZ2q9NTYvL2SFo9HbLUTZe34EcV3FytsvjwmWhg2,2222285.368138
BED2zbvozbiTRRNaUCbuuKaEDMVKgXdSKaddV5uNhVnQ,2216886.946669
J5HV8JixZcCXhHbiSGsax3KJA9L7PHCLzsDuUBCXtRmu,2202619.125943
H1AegZFaXGfHSduNB87wgwSJu4SrNYsJARd4cEVhBx1u,2115641.761492
GBpe5XJVtsNguYKnP6N4Z6o6XEeyiJfecHJ3LHUre721,2049534.759699
AzYWYSZUUQcxLLBvrot7mU4pAZbAFCKMCRUUCxZSMLZo,2027980.163711
CPcbNEnZFntyDhxjqRaCXRM2TabSMctAKrjWLCQMsVLC,2009274.642673
35j2GQ3Z1jcq6E9LqykTECdzxgV1Q9btGDMEwk7WSYcu,2008959.921271
DDbLNTPVhqwSBj4WMTFvzCuNJyY4aRioDBU4FGLcfdUW,2008742.5
4FFRzbgJeM8hUxW4fJGVnDGUPGNd2xxEF8Zpt9TMdNgW,2000000.0
2h7Ns9w2grSeQ9mE9WggJZvxMKKLNADJrKTSLucrbmzB,1999790.668704
7D5fmM6v5T3bxiGQujnWkLk38DTXYsK6o6L7tf8aHzVE,1936982.051269
96agVN7T5KBeE4qdBxdrH4iV8zHHhmT63Z9FxbwZUJTj,1870425.389678
57TyZi37jvBQHmqTUtx94qc5Ub9fLFZDpSsjxEGrzScL,1848626.766415
DN8HsuzzyTn7C7qqx6ypwkuSbR4WQqQMYrGHA7FCqegR,1839654.103083
EzdfARhakjfg3q23JiSdQck7b4btYRztNvJzb8RWLsTq,1832479.586738
EWPeikuzEknS8gKVcGVzLtVqwqZYbaRS7C7CZmQnPeph,1828960.52422
J7f5qSmyc6YfxmKTjeULZQZr5DTYeJcxzYmUU771wRFS,1813230.511336
4jqB7UitFW1yKCw36KCtd2ktHJStGQdqN7dXwWonqn7D,1794286.461718
FXXBsLJam8NMnrGKigoJcdNS7s5ceBzX3s8hu5psvhep,1720309.190875
c9kpsYvuV1q2c7U7unXJoJUZjoJCp2zZMPzG8k1E9et,1704798.76669
5taEMo4XaKbWWmyHLerWbXd9LxrQ6FnHH6q2CkLznz1E,1660034.175355
ETbuNtaiwvZ3qsZqDypc7Ko2xD1Xr4nWNLMeFp9VHAQb,1644155.019089
6eKQJQyhu7gVgsKKMZr4tPJrwshTXDSRjinJkaQfntiK,1642214.323243
3mLknbMUm2tLBbxbYvmRazm1nE5jj66DPMuDcJijBviJ,1622425.903858
DEEDBHXhgvno5ddCrwR4jHLJrMQCAEtAPMaMLmKJBNUL,1567824.480865
HvnuJ68xtrGtco4VBih8vwihS5zW95zCXypAG68yoKGt,1552745.42421
AgmLJBMDCqWynYnQiPCuj9ewsNNsBJXyzoUhD9LJzN51,1552453.857954
3yH2tb8aiAjnSVHQSN6G2GNvNbgbHxZ8kNRpztxgugxH,1551458.541061
DKZd1a96gL2SEa7NyVqfWLeKFfTYQKpXrucXW5jT1xmK,1544723.420139
85sdBe4mLEK4Ks3FPggq6UXECM9bh88TXYFGGrNe7HGG,1543761.021739
JCT46PTuG7y4UZCx2TEWRKRgsU95V4LT5hF7LUvyfc46,1533605.989843
3mnKCmHuuivXXaVx84vfvSy6ct7Ji5FreFUyGQ1E8eqU,1514286.282587
iBLu18mW79BrGHQ5FTqcAiH5nCwYErUWBFzcvLCFnZZ,1480225.9641
8DtB6RfGCNopvTcgJCWn9tLDBk9YFfTXAhFMe42hM5yV,1477594.322014
6rmJ5cmu9FTmaF3AV3onVxdBB7Fft1uRmYt8LfWL2ZCq,1477471.168941
C2rVnRw4E2Bt55Nk5sX53KhW6GtrayJxd762THrVFCSy,1442117.810863
3pED6mkJNLKQ3KHYFmSTokzYpCT3ktPFPeaX2MrQyfeR,1426601.135812
38u8MGwQJxi8uwrRfhqNK5KQgLm1FoQdWHzn7Qrf22KJ,1400000.0
Cx5yDd8JT61AAjTsVJNZou6vTNoTNdLkEeF4m8kt9ofb,1351402.12374
3iJt7Q84pByF3ChSdkpRUdzRxGCQwFe2NzkPpnqhru1k,1335117.11851
8o5QCoNC3kobLmQYZym1sAzu5ftf1w3f7kLRYFNKY2WZ,1305854.781857
6m3wAEADaCf56Tty5VhrYoNewwKeAVbpwuPXhZ8qRM4L,1303277.24188
8iY3JfS3MrVBaE8VfgKKfANcMmKGTdfKsnZFxAKiWdzY,1301357.65732
ABEfpB29erkDUC1vC51wS1ZrMmvX52TM2AUUs8mHAyi9,1295760.55671
EBhSsfYXbT51Wycx3waH3FvYp6DyvrFi98A1mjWeRFVR,1284391.95119
4rD7zGsr7Vs9Mcb9ZECfjPX51FqiYd9Bnqnd1wDuyC8b,1272617.184436
5TVscPRGbJY4MGgd8RHgTDjYNdKnAondyJFnsX96R4gV,1264475.535563
AzxtonnwMAy7yEHmrFKQpyymHf3EFNSZigG6dGbsoVGc,1260380.313206
9LHR9twXQqNRYsmjZ8mscCrmDqGgZu3vJbcjPt3NADyg,1253306.787221
CP8ConPpiqMjUw38fFHT2tGo6GvfvrSwRVk7TpKhXYoC,1250535.315888
CNiRU5rqAbwkUF1HXDm7hPTYmdjRJw8JiUugv9gnYqRi,1216950.208197
Dy6DsvXsi81nKbpAmyJb7AkBWbAtyRB4M3VGSKau59hV,1200000.0
GqtL2CR2ouU4KYY6WG4P1iDAVyo7dxHuWHFjRAtZ7yZX,1193321.619999
HVASe9aXdwnqqA4rqe9C1FgjiZ7FPp3CJB3fX4ySpWSN,1188415.191652
HoiYcj9k1UDpMPMA4eRyDAqUoFgV2dsxutZPF7uPW1RW,1186837.306192
1Lbc4NZSdgsZLp5Z4r79euF9KtRxN7BG8xydCQ3JRfz,1172637.442428
3kNzH3UnnBM99D8gbaZ65CqubJfAc4gWYqwGRRPtDtnt,1143994.274987
7uvQGG2Qv3dHfcbCyj3HuCFxafoXerZRsVFdQ6DHbqZT,1143879.737621
JNm6ivgyU97tVVr6GGEiUPZNsvnZ7CBNifkoA8TEP4V,1134372.758647
2aMhvarP9k8wmQovTzyu8WcdqEXoxYM9iMcMBV1bh4Ej,1121179.571393
DXuTbrxmUXj1tYDkia8PiFTYSAcVaJjTJyoZWtVnc24s,1112032.062377
4eVRkQRDET8aZFYsvhXLruFMDzchorWrSyrsWoKGyg7v,1106420.55832
GdzAW2HBA4eufra1hFKXmWZxsZWBqfN7qj1GWjBUutL2,1096811.769529
EnkxyY6MnVP8caH42q7prvtqUiBG7Vhj75ghE8etSsqP,1087563.934261
H7PKyDYaESrpuZEMcPv7wjCnSjYA5R3n4i11bRKZFB2E,1075504.090013
9N5gSKhTR64eamFo2UvEnEBhgPU8fdasSpx4eLd6bU2u,1075114.945839
DcBoRdTKdh5y1w8YKYPENQ7Gxr1ubxySJXJWJSwKReJs,1054213.095325
Fbe1fjCTiKgcAVNUEP97e7GpNZZLgXdzvwZw8qghYyzs,1050002.043093
8qh1CB4CxbPmgbc2GCVVDUYtcJP5Rm7V7hxUhR2c2mnR,1045015.042719
DKva8KLGh9gvkxthDT67QmZeit4jmbEF7jCAeCg2Z6iA,1042375.129808
Cg5qcwCAmVEu8QRw5qb19dNp9JJBopKaRVy2iigR7fqz,1022085.610937
41Y7tUYjMWWdG1fN686FaU9HrELdD2Kw7AuLA2jAzm66,1021024.120212
EM4iEGsZmU3umYPYuR8a7atx245mf93XXMkWML81Snmv,1012195.185085
DQrR861dHgdgt5gh8mPxoQAACPDRb3b6snZy3ugpZMrR,1005994.272011
gCB6VYxwWycamhiHiugJuaC5ohwyUE5sHtJVJtaXYBx,1004371.500977
3wJp8rA65jmMWorBhnRJHjj2UKr4vQWsDrt1hx1sFmBC,994983.41823
aHhx4r86VtjYdjqC2P58P5Q5dbwbGQfzJMH1tqssR5P,991461.383282
Hzfq7LsEJZce6Y6gk88DmtSMGfJZKsGcvK3jVmynGY79,960418.584357
9VeYgsy33HWdXjBPdcmaed9T5zxrocfg4iRvMdbpUn6P,953848.460566
4h2Y9qg76zf9p7w9CNrEStZAoCcRgeUzsmn6R6VsTFTL,947821.468298
6NvfAhGuxyfPcdNzMBMtetQt39sSXwRzbtwnL3Jupb69,947240.919597
DJh7h833F4kKooFRZ3JsCBeEAtGQCW2rgt333Hvz1QTF,907916.254607
9iYQ7z5QndMrjWyzd8dgYGsnf24ziqtySR8ajKy9PUy4,885782.396191
2VVjSAzCpuQjBifz3w8biYtGijkTyesAQSNeDsERG6mW,877909.815686
yCcJWi1krP6a6BSxw3s6YZX524kFqrwLZLrm5JyRgXs,875510.867147
o7dSxG77cddfyH4VsZJjszKpJ7MbPTvCJSwX8G11MU8,865725.274836
4ff5yPd1wNohsMTSufqUEVuHVrRXewSkhs5ysedKADKL,863936.797208
9yt3P7HotErMnJQJ4GbcDViFjofT71dnk7UY9CfZztY3,859853.212048
DVYS6LfVZf9H7XoqMarLLc4346TUEHtjFnGssnGAes4W,821975.306728
8L68Vcts5iNF4toYm33tShgfWSSY2pdt5sN1GrmiACxR,815152.46675
AqqYYH6Ntj1qcDB5GhTCwM2rNDNC2eXZmtwMM2YT9jec,807992.435263
B3FkgA9MRgVQWvfJf8SXASYWrfbeRjDnwYLWAwCJrAGe,796967.801748
HtdMAHmFJpoejs3SLihFAVkpYTNtq9hfauR7bLKDfPME,787444.074316
CpxtmqLrBEYJFjgLoNxStLL6UG88YxmX2ey23WF3r1Gd,786444.123227
GTBVNPJqSjSooUJa9LxbQPvhVH129MBoyZMKwgyZwG7V,782940.880922
HQPWcABX6qouLguZJ3Tgp7LkFAeYUsPpMyPZ2JG8WjBY,780996.60353
618sy2opeJLd6BMJFyWKrQbjiwdVZNxGXNSsNTeJN2N8,778123.709685
Fm2fMYfa9Z8XMc6pGUPr2WBwdubgSF6FBtFCzkTAqxAc,778043.043661
DgmVC5bCgZs9eZMFejLyCx8JSbdE38BvyYordaMY63hC,764041.961183
BZ7skjoPH8uKNsbeQgXc1LdfLL6ebe6SQA6XvMaST6ky,758526.893773
CGzqpmECrxmjwDEkkN3DcLgAQb94jbYmdumaguMF28tu,756411.143444
DbryPpNiFK92DaHJcs3yGyfM5iriycnkQeYMfLdeWNKH,756328.10135
BzpvVkuCc9kqHB4dx55SwnBPo3NtQ25tXQ2KLzD7TufF,750627.636061
9XiK4tXufD4s8B8BnsF4V68CtDXcPt7AteMANU5tV2EH,741266.20371
4ANTBjexPkaJ86mLkeYqMi5sxkkx3Xv1sJTbBH7qDteX,732716.122721
4a9KGXExprRuaTrnmHjrWDgbMy6GUWnYDh8skwL2HXmR,732325.100557
7tGqq6AQEGXgjdukhofjVD2VRLqatL9CPiGuyvqC5c5u,727547.699893
2itZ2DSyQrePFCTubEHDdFDpH166nSg5W1pAiZr4jLi1,713005.01542
7AECzqmzuWe6CJd8pajM57oYsiZJJ1oNJTGZbGXabGQA,711954.288377
CGtyQDc3LE2Vjc7kcZyTwJCteuDndt6XPrTxnnJEq8PM,709229.013047
3akPhZKEkwZokcdqYVRHSJc7CaM7nBoEUAH9z5661WZ7,698116.230229
9Tf8dC5eJeNEqAYVcodyD8bTotheQzxthf88kyJBWHFJ,695363.760436
Hqm4KkZ1yeCMcgeRc5Upwcy8nTV4gBNkFH417zusdDtF,687609.577819
8tJapKAwMgjwUDCMDrA1jBKcZdgXhqhqPLHdfrmK6stn,679975.159685
FSgNC2k3tEwhyRJxcncMqqoVRD7bbAJkLFwX4jBUACJb,657889.943594
2kc1rDpjTeRurb2Qr91qD3wbiCYbRXKsjWtH2VvysMfq,654649.289477
EPNWiwjGUYj8QJsFFCSjbRFyvTLQnm1vyDNgtpvEGbMy,647172.711013
5jK5D7AhjZdh4QuYDRKUsTsKRXxMUcrw9mY2viddaX9,646419.927662
F5J3izt5bBvDf5TpDun18qWaHLaTb65gc7uFKMEt2UKB,645707.391125
7xL9R4DLZYUnLXcypif9UjAQMUJe549i8QqyNQbS6Yxk,645484.614441
DJQkDeGEgPMaKepUdwVqqyzCaWqB2qnzSKDGQkvrpT4p,643355.61134
4nmy8V8oM8tAufWgw1J4jMyjQx5GSSb6vAcXinudsico,641960.709139
H5BTA1fr3A5ZtsRtwd8xq3LQ3gdKM4HDqMDx6Xhs3SZs,636876.650589
4ofQyVC2pG3mnyuYqtboq97Pj1XAW5s2foC8WtmbmgfF,636016.225101
5xrnam9WcjqSAHP4oM6TUaBSuQP7qLo2TK9yZ8fc7ycS,629096.176775
BK87V3PLEf6ojS1QoQCkx3u4deSFwvxzNQnZfywAoLgi,628676.72717
8Kfb8GLCGhVWAAUPJYrQTnz3NVxR7MfD4EmhNgVnBqcC,623850.049868
85gjRdKhAgo7M3bgVqCJxFtou5ibRBqeivLCoeD3xZvw,610978.852022
5bJrEuFEjXyuvVNxVufpUB7PF2yuGVpWry6ZFmJprHgC,606359.169688
949APRyGGYvpEoNmN3tu1cMzYEHXLExKRVcu4VwrnvJV,595471.947136
HY6oNAYF8ssBF4VuGLVYA2hCYhgs8MGk5JWWX6uuHsNe,543682.819514
3cVg7jJCtx2T5x4vzpoHwjA9umDsnzy8RBQjF3vdiJ92,533485.742844
E9igEM7hhnBzgY9JnJgVE7s13ebqWey7EVwvAJoMG2vF,533062.474019
CWpuswQZGcJEZQT7y8A3xWzAwcwhAupPSE2M69tZC1za,532180.192931
FRtKmtVK1rhF7ZKQQeQ8TgFmonhEDbiCZCexmSAsHEgV,528740.282802
2QegtYhhwfJtUWKjwCVWUTZ1kWhKpGSKyEG3539La6VX,527956.753267
9F965U1fNXuaMwxYexTYfmJh2qR9iw3rY9jioyYqUnB8,525182.740075
4SSwu6ZmiLFeseQ2add9YNECdeuZ77V57tMPj7t8Nu9o,520603.887837
CjQUhwgzuAMvVd92ZqRdQMQK8wWRMfeAxiruxNgmXwNy,512058.741442
3bZK8itbmZZwxqgFq1hVYBHyuyoa1bHB9fkiZieT1z9p,510608.255004
B3z8pmTQ8rojbA89WhNFfyddA9rc58xyKGE6RxoKcq7V,509511.64834
BVr41YdQU6kkq3h55HKyz4wgBjRUrNY4HG4LHDRjMpUT,499821.276616
C3Gg7mmGp23Hrvmksae8HNRiCHeGFtrHAvURbpaVaa1x,485921.275324
BZGMz5TeEWTMigL3HYUWEB2zWhdTMaUe9CrEYdAFG6WW,485757.62031
7iWnBRRhBCiNXXPhqiGzvvBkKrvFSWqqmxRyu9VyYBxE,484525.368716
ARYPkRgTvCJtQoxhMYbyNaJZdFxfquBP2BrdTZXuftCi,481816.138974
3mLhCkKN6WZucA1S11CidCuA88vKvro1nDddG6UKnhs4,470282.927953
7STLb4vNLSk1fXqS3XAHgDNR16jXoDeBNM556RbzZA6G,469383.720005
8cwQhUwh9RFaB3zDqU6fGHvwhi7MKkgFP7oGYXvjxfYk,465881.354355
DEeFRTqDCgPbunWUFkY222phN2w4q2B6JeQjvRb1WW8o,465247.695812
H6i58KvVFpXJ3rNSfEwcX2TRTt5aSnCpXmpa5PZFdG5,456761.618954
DJYBgWWQqiU9MBTXkF45urZardywa5yHFhRj8XwCrddz,455820.80648
6xEXQ41A5zoiCeyqjyi6RUnnAToUue49d7HAeh2LRpjh,441531.288041
7J2ehzeK2coHbEU1Ao36i7RfPghApEF1XQRfjmqBy6XS,441410.217409
9eVFKci9Z2JqV7B1dBQPF3gUaGE9NGRcUes4vykeiD7v,440308.366209
2cEVvD3aHgXopUovJsHxPEJ9TjBaXhPFTqH8VWe4cKhR,439429.852488
EwNoJ2YCb3r62jeP8a8zjYVskS85YN55SBJPsGRRsHzF,432437.754367
5i1RZghQ8FMNqQR16wER2wnfea8S7ByhsxDd5gCmtMDV,429898.250067
JMen4cA4M5w7RFFRy2mCKmvmrmdvMbbfAQTwCdEN3wP,429052.235442
9EZd3cYJkBD48uHHFoueKRUvWEYdNFrrtcyPUPWJNAX6,412784.05575
A1PHJbkvdTsXkPGqcvs15gS2Wy9w7vZGQcSkZkBJMmN9,408902.932081
CjqEYEDayz5r21NvZLFXVeU1Af4pbhJYiyfDCPV6JcL9,404958.786317
4yny5fZmWKsF1ZQesGqYjwe62E6dwAhjr9JFD3gkWAtQ,401748.5
8vXWyW89wWL3e8tAHkSHBGwE9nPsvGBoC3LkYdgLw6Ah,400000.0
CgfndfAsupFrLp9wwzcdJjG2atuuNwJZ87jLd77j1MJf,386275.851038
8UraqLrVVV3HGDcjSf2BxuSM5vjcS6zE41WAxFk8LmRG,381149.150933
MssfsQ8XUJjYrjWWmWwouVtyQAPqMDu7N3pg8QAL1hj,380741.360859
8xzrtcUTwUdUQgtm9SiLCvxS4vF2hvN7Aq3vBsLY9asH,378095.398596
FWE7rsXFFAGuH2RUHorMyu5kTbJERiGjaJAg5ZaiPeLj,374002.58905
8bjB5ExdjSGxNoyKevvqmFevqje45gjxWhu62BQQhpCr,372537.573689
FcDSYNKaypEFTpro6L2qZWAuj5DkJLWSCwtvtSZsgVA7,372446.72002
DENuNdQooE4jkZJij7G1KzSneGZkEXUoNG1msa8kZtyt,367887.846958
3z8TfXKwzWcc4zZuMRCWxciHa9gzNNBerY5TGi1A7sA9,364552.989678
Cvfk1HLY6mBxWhhfo3WLRRAAvXKGf8gTGN63Tnh5fvKz,363781.575732
2yUeDNMBtqBQjjxrEizcXHC4cGykcYeZL2z97B5hNeV9,362857.060854
Gu3UZBnZJroxMDVuNu6iJLVRLR9mhzEs8Ymt1tGW1Sce,362515.583166
HZAsjYkvyAc2TT6nuZSxsctoX57ntPLHSXXsqvkzJmnp,361409.884278
7Xsy7dHGvRwuo8eHcj3JQCnh44F4dNGtPGKx1rp9wMZL,360168.86145
7p4J4jwrzsrhVBWsmT9KPiVJNJTDic8fxYHBgeARCTkt,355040.993568
2gQor1z7cfR4JzfmKTydMK4BC6gV1hSUjQgcpeWNLScc,354624.596571
7SjHGqdSiQLEMHAUmWgEhep2BcbVefxJkiyEmDb8CuHh,353684.132884
E1zC4fEuN9A3t9ZaDwt7XhXBwQeGSW9sRAHpiK1gJmVW,351310.999878
5nMYpwg92enYwhJQM6pXE4TSSUXgj26jFdfNc9svg7Xa,346746.527017
9qY6JqKtc4kdLDHaiHbokBC5X3GCC7JsMsiep3v4W4UL,346565.700229
DJZxY2xmftdygioG9Pe4GJg5kPv3fGqbQCnjMPJvFeRf,342494.266491
53MxBmDMoXrR6May9TAeHasCdr64bPcVQFsrhjtixzaV,342148.551238
93Z8ztDz8KKcVcdBHfSyr1XtSwHo5TrCKr1CnFoVGnH6,340011.48927
9YbXS3JjQnkAU2NLs1iH1bqqEZruHUZD75jDZBQiZ1LF,336720.321633
FBQxvCpsRCb2TXJxYSy3JLJ8ntA5ycLLc5wADGi7agzS,335059.492606
HrUHcgzjVn2jbDyCEMPiEuZYi4AnVR2sNdrobVQgFtwR,333495.849722
BsEcpGq9vWK87rREF4UWSKDkDVB75uaoKKKDipdJiFpJ,332203.699657
734TAGLPVqmBnVGQprybztTpRcqDhEo1RKxCW5T4FJQX,330048.980786
6hYKPMBLjsUTrj3pJ5kZsLgsfTbUf7JzHaS9kdMAcT63,327707.208155
J8Boj9QoyZGGLMHYTqpNGHne5a4sfA3352nwkik2yDE2,320000.0
GPUj7Uvqyf8XgTh4sH7WkojuvhRG9yPb1uPiNFzdPecE,318848.467909
28Yhnb1Dyg1YooFMYLXittzzCGVJN34zoKjcqCsnMaZw,317302.809958
HM4hktPDJL2Ks3GdWLGhjvkD3vZJWNvjnUYkRuFatVxe,313020.771003
2acbTqtLK4FqKyLueT2xdMdtqfAxfwHe2uaQxVRWddmu,312515.293104
8AaijVHmweQWhX6K69X3S9HLBDw8GHbkJtRFy4G4ZENX,307164.07691
GZ4r6zUhmrYkqfNyGLnYCHDtyaaP7jDx5MasVTnw6qmf,301672.309034
DGjHbWoCBMf51TQSKFcx9nSGPosKCw9tQ4u1rP8Ljedm,301407.534385
8yGmi4AJNsvk9sGvuAUiDmCVvqS99E6wmMnEgFgfQhNe,301310.99722
GvkMwNvvBnXtARTpUAXhM3j4m7tz1cpCx4M1tMoN1VEG,298443.538936
97LzFXAAUQPzS2qk42pz1YLUcQk2kfvTHGMViCVoQaVJ,296720.911632
7qLE3DHGBiKZ4nywY2aNJM6JRYaGst6vfPN6S5ht8jYj,292625.009096
Ajfmc1JJ4BNWMu8CFx4omd1Y9PeDHXrraVaBVonkkQYL,290195.31118
41pQv5KyvKMsMVzJS7cACHTYpYNezNv1323TbVUJesMp,283967.670621
5qT5Yy8L3AzL6Pw8dcV2q21ipKRko6kXMviDMCtdoxJ6,278055.381723
5mq8ZuXPsboaAsex7483P7sfQmAy9tJVhpMHTTzCUK3,277152.620529
BA64SqgTE881jDSX38cxXp1wrHgwdtvAJNqQsXgELRM9,276149.920533
BmiYJrCw1k9K7t3U3oamVFSqaR5a1qbrX6yQVuAETrgR,271244.82649
A66M8TXEE8hZpXEURZkAYVFnmfn1HMiEhCypZV72xUQE,271166.302236
CJBfiS8KJ3TYEncnfX5YNdMVJ2JwewGdbbGQb9ndBamL,269472.787882
9dnUUWuGMqp9VMLGnEv1AhoHYtaMo7Pt6buVSkyXHwFn,267086.336838
HqRJFkrtSDNXCDRmqeB6pNzEv5PBA6orY9SadjveE2qL,263954.394949
8JevAC5q1J5WPhk3Aitak4TTW7XdeE2Epv777pPnB4Uy,253260.477685
4RYrZVuPpLddXcdhTBZmmN28okbCnkAFMfoXnfuwnKad,251837.572136
7Suo1e8CSTb1nBLbmsmCXePZsrNoW2KH1FntaQ8851Pa,250047.795497
CCQMAneqctT7m9bkmyMwSrkFfjHC6Ke8iKqivDXtZ1PQ,250000.0
D1YMN9QMGhGgHFTav159T7zrPBomKKof7GGXXESJ2PzA,246560.126206
6cky4cBWhAPVW1tRV5HmuJ7JdrJTMXdbutqnUcRPc2RY,243666.960274
858GpZy69pt7dxArAyMWuCBaCY39wwYgDcA891fQchyf,240578.667491
3JgLyq7WPw8MsSCf9iQfMnyGRHugC8xjdkydRXXmPxHt,240034.378919
EGRbCEhewp9VS44hJ99GBZDD6wKTHuvKidvd4cep2EEW,238820.214071
93f6xrgs85KK7DPXMySyRQHaEFP1NknzTpXcm4ZJCDnn,237334.289124
DoZCVUvDrKGiRC3cUJ9iVC1RAnuUQvbEy18MWBkd6V8C,235809.196973
BcdEWU1nkvPZGkVGWFRj1v5YddFNNqpG7GeKHczxMrYf,233173.039089
DgsmNcN8UDYtpgZjTNeYpFC4ggfnbkx96cBYwiz6dyS1,231675.560281
3z8uLMu27173sAvkns2xonKEuQAw6k5vR4tZuwHC2t91,230237.765174
HBtCdEcfaBCRwazf2GJX9TbCsCFqni67G1F7TTfcTEcp,229318.071597
2ZCDjT7dWwu9epZ2xtUQenoG9G81yMqNLdNmjzDN5BMF,225361.675633
A1Wq7bso5ibxfioTJBWtH9SgQeR1MGYFe3jrMsENQzME,224761.804713
5H18uhkUGhNQ3o5jsR3W6n832Sh5xLRJrZNXvVv5hoU7,221156.865538
BieeZkdnBAgNYknzo3RH2vku7FcPkFZMZmRJANh2TpW,218754.299659
AGEreon73bJTANeTE4uvjmGGAfdELAcD9bnP2AAom2bf,217861.189426
8VCuhSoB2isgeHrhCN8UHr37w554mY8cEUsbNjzBJNH5,215654.489738
R5WZGTn6cCNWrYoy9j7cmeLjPYzpjYXtjKqXQnZk63D,214807.951452
461mE9ys56g85DYfDbb8nMbF5PaNEX1Y2KXe4yCKb2Ji,213260.536923
4uW3togX3QtjYCotqzhaZvSQSzifqDJ4H9oNdBSmuSkm,213158.998014
97Cg91wqR1jww5nbLuGGjBBJUZR1tZXdLkaEzw49SJRo,210308.424636
DCHUxbn7mSyupVi3K4HkizfkkmvMFmwmT3EZkpFaxJB4,205313.572093
3HBU2yPP6SuHJ1hgYeRLbzqXAiSJxzuuanGFs3xgtasm,205257.19655
6t77ykzNsSZv8ZJKNAvXbUtpoVSgDKFVot44cGBSoMMH,205136.159087
8wVnxK1wz1wa6apo55h7WTQemWnFvauLPe2AQkFCLQBR,203172.194588
5ouVVbeZvNkmNAhSMaFyoCGgak4JQohkQY62pDZXSh92,202582.144017
83mtGj5FQXNnVFR6EqMQm7SDvDbErFqQwxyzLhcuCtPe,202256.863687
GNsBALvcYgpa3F5mprcRcf6zTba2ga7o6d7uQQKwnT1F,200296.990472
GfUVCwGkAD5848ugTC8Jw2HDR2PaTwLjhKWWA88hw7W4,197057.209731
CKAYcWnjbdva8LSfZMnXwKWpjHwyqJunmgqUGHJaD8hS,193353.454395
ECDY2pxGX5CkgTiZtB1ExLaGCPCQzdcHWEZK9kjZninL,193055.868043
GLdwvhTC46yxwAj1GyfCnqMdAWUzL4wAmMxxxg4LBuW3,191885.046465
LBLWQymimxVLBqYDMdELZtjCRy32JH4ykueXzVhEHNu,191290.428782
DY43jK6K7LP1PfJaFEWTrDLtMeHESVHEbbPnuu783KFP,190137.949694
6sY6VoQMmShXM6zJw2tazvwKcCv88SeJy1q2q5H2zBrw,188438.520556
97hXjvkRLnSYNjiaqhiZuTrzUD4gQseXQ2fUQB1trfyd,186444.498473
8NmajiP8bDWwdZe8PB9N2CTZaQnSZvmWutkE15qDv8Xp,183590.523335
Aagp5DtA4qgC25z6VmKA74Q8PaivMbiLWjVqo3KjgYMa,183540.979963
9bhbwzLuo4bG2dnnmi66LNmrxYLYx9HQ47ZwkjUds3vR,183219.96854
C3ymNFUVUaafn7AuERB2CKyr37ZpwiPy4oiG4G1frxQ8,181320.905322
GZqu6pWfmKJfuHfXmQUg83jdEzKdyfb8hzF6c8gebEGG,179805.177785
9sMMM3AX7UD75ot1GxAKVwcioSPEK5Bcyc2ugjrcwhAX,179478.497735
34x5coNS1ra5Lsr9s6hg7D53fjAeVNnPFoKdRHkeM9Fw,177607.003268
6hao57JVRttgDZ4J5hgi1jepbCt7BRwNgwYCPvpiwSfU,177059.262203
6tBou5MHL5aWpDy6cgf3wiwGGK2mR8qs68ujtpaoWrf2,176718.03857
Fk66bfojH2NouAUTreNZdPAWGMKXp7SA7Sj7yqXqaGkr,172689.585658
BxsKSCeSs2Wa6jRXrt7i2RRAGHeytCDMrbMTntBuuEdU,171269.178604
H7nLtyPHG61Zsw99k2jASJR62LVMqoU7ssVxSKHukRF3,171048.786732
64wBpjgmxctXccFvnRhSkfKoeqD36nGeesC1PcnY8J6o,171017.498556
2S5TVYs5Nykz1BuLNZkgjyosHBW2uH1GkQ5HSa1aPdMg,170103.746902
UEsn2gNxLjuRL9uqdG3hp4Y9hNF5jmjJ3FefoHL1Kf3,169598.749004
B3PKHPmN4vKeyWezKZJ7zVqsmd2RvXthCRtf2PAhpPj6,168259.246023
EdS3yqT56Me4fhs4ij5BAiamoGJVtHjufwpuvnrX2uDF,167133.954898
23wEXBjPjggUkuQspgbHWMrGbWe88DS5CtUrHeMqho5u,165313.827718
HmV5JBEkrYjGzi9T4fx6K1fKNVf5YfyaFm1AqkR3kpgU,164882.943451
DyfXYuL9fnWAqh4PS2KN592TQPugtqBQN8jgJrUEEMpG,163432.936934
ETd9bdb7oRgksRML5HLg16QA5hPknPQJhrQ9tyPgaWzi,163195.865377
AWCLXu5nXo2PtSbPWzNSTSFbPVFPJumPjRDnSS4mNhjj,161914.685797
2oHqdwtjYrp4AdPVLdbeQ3Hk6hGphcGDzgxy8WY8p8Wn,158779.209755
Focax8KfK4Peqr85Dv7aPS5N9hSFt1brmWXCMwMaGr2Z,152718.60966
5XKZeW8zEZ5rjWpN1FZ5kBKGEonGrdCMHiiyBsQBFr3V,150666.734461
6HWEJvj4osEUhByVPpVhy7JQUgFtoajTucUVvcqnNMsN,150253.523122
86zHTjvvGskGQs7PsRBVdRdENz8S8A3VL5gv8JkWAdv6,149819.402732
FTrmYaLNbQMmuwRWgSAkXBQwHETeCanwEQXrzxkYZjr9,149602.4614
Fo3iXqpZmVYJNwNQKdHzdUXugWxTj2vAKDBjHGuu5Mte,149588.854556
AgA3J9tDfw4P4fxoEnnRnsdMsqTDVRyV3n2Ks5gtXnhw,149325.414059
GnwMtWjf4nZo6399TQDMageCp8DzMSmxuo9ZBketMnkN,149117.211487
Dema9KpXwwhF1Ltd2YrQ8xYnzMfpAPdWf4psfn7CdCSw,147382.135292
DSN3j1ykL3obAVNv7ZX49VsFCPe4LqzxHnmtLiPwY6xg,144409.448851
G7wh6QR1XL44x11Zk8FLPLx91gGP71bYr5h5vfpP8vVL,143974.826711
4HGyp6tA7CuqMRju4m5fUur4o4hu8ecnkmZ26884j83A,143145.921038
5v9zRtATXtc8A4EaYdKSiZWzHE9WVDepC7tyzVyNAPjg,141584.695782
Cs3JLMzWfGvaCnpaoRv39LohJSVrhx4jythndfFAtHjM,141534.61309
DpkQsa7S7mpb72KSLFyCHZPYKTUrh6BziLxnqpXkXufV,140676.945094
Gjwe67KPLsCso4af1VPYVtr4Yaky37f4hNoW9PjnujWp,140092.886535
3sZNzcJzJLWduP1mtfeDS55gPT9HV766npSZ7T6Efm2W,139081.239002
3mHKvmQxiUJbKHEvcNa7PGTRTcYcvVWwm88sTNJigFit,138836.30226
A7uhFMPh2MT18JAPwvbSGSbQnpSA8P1wQUxosgAXPLXx,137174.810085
BxdLwpGG7sph8SCSNm2qGGcUrr8kerPnXPQjHc7M2jK1,134096.981663
AJ7pKuKKMUGLKVrgbQLTC2vYqTty5hVgmwzCyV4HyPCQ,133957.357111
FHPHnGk71tSkf3PNQ9gSuHVw8WXLUYr7o2KKMgLVuvXv,132277.410546
7YSytV4jyDEcGpR781C3wXsvDxJvfCVRmp1DoPgAVSAn,131580.985041
7tSJPbc4d7nxuPymz156oLZmNraVJgAg2J7rNyUcteKf,130149.783768
CAaeNAPKu8gTJ9AF4kChmvkaWaKRLFPHgu7iWoVqgfPo,129840.655181
8THfJ2ZeaZvhxhrhtb9BKzPhf77GTX1SFPxAvWduWQ1p,129804.355065
7V3ZCg1DbsNGZB2UVLGNeHyfVuQ2bfCNL25NFhnQKvct,129582.645096
D6XhwPkCmCSdFUYSmfeDchm7kcywQgUXagGs8Lg1hUJw,129278.451263
9UT1iZpmz12QJdPA4NpanStJfrxbxKcA8ZCTbzHuTWsx,126424.106057
7MiaVUcomSFuAJcVhx43GnRhc1ARSfBivGoFuevEJYyR,125804.812419
9BYtr9hJ5NptMNDDX8wiwJcHf97PN8n4Mz3PHteEU5Xt,125722.231183
9cf1r8aDLqEKjxFtHrotkbk2ibz66B6t6y3Nm3XePwnG,124237.351932
oAYutnUu2XnnhFUKacPzzAn7qYBxPw6UZ3ADSqGv8je,123916.78971
CqsvRoHH6bxHfNkaoSwM66WiMFHk58L6MfzGcWMgP59N,123185.648656
5vrmEHX6ofgeE6M3UbunyvtJXYpeGfvUSZ6vUu77y7Yy,121642.572923
8Q5bXnp3nHGQEnVPrhUz4y6bKTtkyJZC5J6b7avZiFpG,120549.170606
7HeMFiikerdyo4Mzmu27BKJtZhUnGdzv5Ye3EEPUGESq,120176.798045
GjjMsxmgSUQQfwk3rKW6iw7WmoscsUk5kQq3nPfVHHWv,119594.725046
9vNBSQjJ58Jj6A9mS1jUdrtJt26PePQxqc5zFtTwEVBx,119437.236624
ApysbnAi2xh529QHbPNY4SkJHyfcgrDVE7ibkskoKYXA,119003.517753
9LZRQeSfa4awzfBevntRQqELNUCjWnT8dYeG79wLxpLH,118377.241516
DVsZYHikRSPe3HyA4Mb5BJNgQwg6EgMJP3HfkR1mhR72,118117.38642
3Xmosx6UZocTz9g6xqzZhb9q2A1Snfsp1gu1zPUt3Pzv,117473.679716
Enf1FUgA7NVv3wW5z2fzpHj2NpVJfbU3DrWXR4C3tv9z,117261.007821
3Er67Uct3gwcEKZYAzt5asEPoFj2FVmfB5paDoQQwJQv,117020.217736
DbEEM4gCtxUzTyHa9YyDew7MXwNrifkXnG3BXfdMmsnz,116628.247825
FiKFSeTSz5bSM3YUhKnxFBM1fwh43fcTXQexGa198nu4,114933.186294
3LPdJGxGPqLMcYd2tdkTxgSBqYEDDWB1ZeWP5R9YwfMq,113403.948034
Ho8vQZzEEymiCYcwtj5vyPUWFsoJLkWH1CdL45HkedAZ,112633.490498
ERS2Juft9N66gKTLzXgHDrv2tQ1iiizQ3uY9BfspQhhv,110613.988731
HBcnR1uHhGxRpr1DGvDvXhf74uixsdjS5WhuH9kDc96m,110309.251034
2fJbaq9NhagHjJ7w6BaRzBWBd8MmYuVikefiupKTqj9a,110164.08753
2HQJW8HMCBoPzdeMzJEbxcjPzb5MNk2yGFRv1edjQuL1,108823.128191
7CaC222dcCrbhkcmEYGKP7f3VQ2Mkpn9DH8EM1AmWxZa,108804.916958
J9uWG8qc3u49kchACZEJwMykGLAMAA6yAiPsRndnH7pc,108161.087302
CkpJypUfzUnQHoeEHQx4uaBYuWWtnK9d7q47G3ZWiT9P,107261.413085
EZ5zor4TEU9ZoCYuS9vbREVtnpkqLks6ETRZcEERzQpi,106852.26234
ABVmaduvr8inPMg9BwHAb3Y36NysorVzEJJXcQHRVHmB,106184.108454
6go7QLtds3h4nk3vR7xFLUHrU76zNGZ2gv6V7gdAJdB8,106127.100424
HMMBJHSLKTaDdZ35rULk1jJbS6KFohfTxqpjhWh7Frok,105378.883363
F8zQZMHsHobZzCFvWuHBQVJrqA8mXzUcxcApPVmQeT1x,104306.386276
5BjiMBjk4BxERDemkL21SSDad3H4AfjYGSaxnMATJtAG,104083.137135
B1MVH7JnELnHPRgv2BS8gQL8Rb4XtuWR9inFJP7MCimF,101872.694098
GtxDpQwhbr9ucCv8SWRZDsar9qrUtsGDCgvapBverCpX,100979.0
4qBvTwngJDAgCEy63EmfN3Y32VyzKvb4HpieiNmkNaBN,100455.757393
8f8WDii6MBY4MnJkkBvNWxN73V4JN59fA8P49wVP9K5M,100216.403311
CcsFMRzpGy6N5cUjFhJs7XCR4P3oT2UR2oNf2reDZ1Wa,99991.695136
4R4j7cuvXn7dwy6tmxTKPFqHPRQKEqoGUimDUamJW11M,99924.740647
rbeDee3kTLKcjUCCSVSanoi3jWzCqnFSq1SjehUbwdw,98433.143889
23LZ8EAqnfN6cqeraGtLnvsC4FY45skjAN4C2h5cD4UV,97913.382382
7E64ibCTwB3h8s8MfHUg6HyV9S2LgRgoDJ3oGJ4QzGAW,97354.732411
HYXxF58A2mq382cZAHRiMiAmAYmu6HREk2MPUttPJcH8,95881.500539
GR8AJuqmbT4PxnBAZuftD66qVVY1g4CsVMKEXjXhVMzD,95588.908454
DMeMNjsHKVquecTqCm92dnMtw16HbZ6E56WgRNHVZbJA,94420.778335
C47ZvsVqEeA33yRRGUKHCiEo5X5LbTdP9pwbE5VdBhWZ,94117.252968
CEvrmR5QgT4WCgLGSQB2qeCwJd8MC8n6sC38xzoTRDqo,93194.095135
J53V1J7Si4QRchPhrNnHb78MrvEJXza4RZU1W48EuASP,93182.87973
42NpdUmuhycGX2q6rFd5VRVCHaQKeRhMCMdwxWrSUSrg,91776.660215
BXXSTKr9VxafBAHTxfBaf78BkyEJujPrKWJnakf1J9Cg,90899.996917
8knkDD6R4X6Qiqi2Wf1JvBXmE6U4vBXfNvAbrN3eBA4,88328.687745
HZJ2Gpmd8rHz95WiKAhGHp6HfUPyoGodDnjDdEPksHq5,88166.383798
DxE1bvLvb6wWzDC9EbdoRw2VpyQYb6MnvE5PgRDCUh4J,88037.946193
4MBMqJzm3uytmXoLGVMFCq22oH7xN9YHHDmThwDWjUFb,88019.756467
7H25A3UVfjnrSMkzmuPBNKh5ip2BMF2QLsLeMgRk4Yg2,87768.445395
ATrHR7z8LZZ471JzdruG9c6KcMgfvcTus7RSNurWESd4,87747.502641
4AeJrAxfzGedNj5R2eM1Uh3JMGCxHdATN1ta6iDeeKsD,87719.505014
CRKYPZ8AcHSYpgdCFsJJXjd6YfRHUqgX49N93S5y21Kz,87458.759178
7rTQB4N7SkjSRzacpMFovtrL9XjzfyPTmRmE5bCoDpcV,87273.930469
2Dt1iQNFfVPbNBfuKQWZHiLEqoaHaAYCynrgf4wHH2w1,87122.821505
GYFMpYCnMXUUt64K4rgiKn8FGKpJA5JQqxRLsq8ig9jY,87031.054576
3HeyahkMsRc57QzJYz4a3Jm3dYh4jWmFJpmZ1P9pxrCv,85422.267501
3LoAYHuSd7Gh8d7RTFnhvYtiTiefdZ5ByamU42vkzd76,85329.687825
BucvKdUBrEdEyKWRshe8pcLoqYbEErN6H9zAEjaT6bSU,85051.075795
F4qvAcV7cTtAeXEnGwa8WGEfx74McBFmCNo9Ns1g1R4C,83104.804646
DRdW6piY8oX5DEGp8FtjG39LR5Pm15UMsed946C1tp2k,82819.064734
AvZsKTkgNoPqKQ7YKibmgVaV8FAcKostLXQumtoYgEXg,81721.377926
DUijxbJpry4CXKFGy1Z8u57kDaiGeG3ZZe6JKr2LQqaH,81060.989658
Fhtmzr1ezsHXQiFcUa6VgEyW4Rg69Mi2Bz7BJy1UfkGF,80843.937851
GTKH7iA1k71Su7cBw57uSdLzWRqvALgDFvKmNdYtAfVp,80000.840165
GLisa2g4aGaZ6wnitdUdKjybbo5xTWV3TufbxjfZojfY,79825.962962
4LeQ2gYL7rv4GBhAJu2kwetbQjbZ3cHPsEwJYwE3CGE4,79660.317175
Cs99F2wJ1CRjdyy2s3VjkzDTjZL3F9gwUkFhQMmn1ZUe,79374.231176
47o7VhpJMVAeActPXeBTUY1kSC2iqakQoYyLsuouZD1J,78862.051337
CnJH6nviyX6whtpbvZ4KkzBvsvsNpkALtXmUSR53xytW,78010.064855
Aoa8r4jgfQw7cY9FhcMiCHcvoL612BaJwsbSZS8uzSfV,77975.715516
3xpyGiYszaSw5b3qZujNYp6v6vpP1oNCraiodwmxczBd,77011.541827
Cfm94y19GezdpVzedj9c8vptMWYLBWqXQRxF5w9c41XE,76454.641241
251ajZgWwSVKjtJGvosLLYEJQgGrHypVfDd3sQFN8i7j,76095.507174
CDTbnUUkc6eqdftdRcfu9M4FHS6mXzpaaCGDAihwZEWU,75972.639035
FeXxZJV44QopHAKa5TatoQAw8ttDZH9A1APzXRLwxG7T,75638.983871
3MqYj43JxjZ3xm3mG22bGXbQZVSsYgK6kzZ7S4nzQrW9,75312.4668
CXqYhh1r2iv3HxXnR7pGncRhNxBn8ayyvebERQhHyJqq,74592.840997
BpH4HW2dNZ3QaeP7fnSf6T3u2MMgR9rMcfgArNNEGwNW,74149.992601
BpcENgzqyaFwzr3LKmgx7Wp7zk8XsyY31uomBa2Vs6b,74040.269377
8JkWFJy5anVronRp66CPBM4JgZ2znfMe218C2Wxonfk7,73769.930651
5yFeqqFyeDpJ7RsWbrpTtwuJTopCJcyDvyXWtj6FZEfm,73330.633606
2jTAxjD7Ar2tVK3heq3M3gSWq21KhbMeaFytyuCdSGH4,73071.345111
Bsgt9NaY9f2zq4iiqWqxkVF9ag5jPrNtBoS17jqFTgaW,72585.304989
12xJ5gYvfKPF4uNvDQRzg7uobqKrXZ5UrNqrD7Y1Bj58,71863.452091
DiQX4XKTcJLkEKxPx7C64nmjqojc2TgpLV8vYDL16iwM,71686.011651
3yVEBry5e16s3Vy6qPct4UGPVpFedxkkLj1sRp5o86JX,71089.394426
DPbowa1oyGEJaW9CFCM8CV4AHsEf9byq2RXgYqH9XNBy,70822.408133
8skutpmNhquxp2AvjWiijxyR7C9yKu6DgSrAvDshBeCv,70707.957403
AdAho8h89LgWaWkYBCWqEpdgaJbMWo94m6UyKGJrxWpu,69661.882872
8cbymXrxXwtXqahVYZ326dciUkerQF97hdwqGiTKfX9r,69279.168551
J2HDGqZ39fn4iNTYWME1dJHFPqD8AbptkPmvb6fcDPS4,69232.603198
CASjzWq87g3NcRLp2xWw9K9e2zPt7JUNxfekXTipguUm,69022.139971
BALF5ccbyd34RMGj5BzSbqaUVCyhFHAeispy1aUQ57RQ,68994.689053
G8keiRqXHGquDVPfB6XZqUZMKZLY1VV7dhXrZN21HLGM,68927.657999
2E43tZsZGoSDe2rBbX2VtrACtvuKUeHG8gPkig5PJ9Kj,68557.946024
CZVT7SpGP9oT6m6tVphYQjfcuorg1pUHZXhcnydG54px,68323.968219
2GsFCPiviEDdSNBa4vq1kmX7cxq9VqR7h3XU4B4AxQGe,68199.469346
5XMxi8fBJDqDHisU5GotpTBjnWbpHayQEMN1vXaMoZKo,68081.371942
12WTxdJVSufNnmKrA7PjdmSdGSGVvq4sXifBR1Do1o68,67652.866309
66Bm5wMPzLhsKQheb7dGebbQpRQBarukGz5uhoA7wyGi,67593.759932
FFJZYW57q3uxC3sfjsnxFwPhfQvnaRneMXuzLNtpngZs,67529.651891
CYfqrH7FGzVxbbMTgJnSSR4kRvb4AgfgoMjnqru1jNY3,67278.479206
HchHxW5EfXaKxmHkzonfr5oT7FJVuFzz37LhrBWtr3Jb,66981.02107
5HRyRmRcWvcQQaYam5fauE1ArAbNJRV1FAcwaD1uNHg3,66732.632304
AbWgvM3KmRTY4sHP7M9b7DXdD417ggwZbHrFeoQ7ZuH8,66520.82079
8gtmbyp4636FbCkBuy3NKrTeFfmSVpFx4oCyD8xhxhLN,66392.263762
6bgyCnBsbrrn6HenwgDP7MWeYPans5FAamHicJZphFqc,66191.299358
F7jY1KP5s7uNX6bqG8yfY4k9zkMsbtwEuVa4FJpyC4sg,64914.792994
69yhtoJR4JYPPABZcSNkzuqbaFbwHsCkja1sP1Q2aVT5,64332.053072
7idgnWM3ZevGJw6pp4Qx1zkHexhCda4YvgXXKoggp1HZ,64220.491522
BMoFkaW8mJP9yAbZZKumoCBQP1ba6bVBnW4tG6afbCkZ,63972.628271
5hBfGhDhxuDcXfeZpozVFAhtVxACNwx622KEmXBKqe62,63922.466676
HQq78KzPo3GmYiJtBMnTp3Lkvf9HMcZGPXkVURjbyeUc,63314.622113
BHbnyQ3RAnAbJuPKkrZssb1dsiYtwqqr6ciCKX4M5Y4i,63291.502745
G9aM13mea3WpL9J5U1K1XPpLWa49vHnVU8KbU2Jh6ApQ,63251.68485
5ciUL9fMN1ZcBVoYbdRvhLx198SvNNDXcB6U5tuRCqth,63201.105518
HN3MF6C5gFGwKnnBjymC6Np2SodEjK6yafcqaLWxZMjW,62475.861742
Eyg1UqQxn9336mVytGmKTucFP4DMuaggBgWsT5vVuUxu,61547.086195
7XvRKw8vK3bFjCRFA2J75YA44w7ZfvzegBAVfRFd8Z4P,60848.51586
Am5y7vFPNFK6nuNUzNHsa4FDwtbzLxeM1CBgDeHK8REL,60624.881422
HhGTHhuzLxWAevYTmDkFgVSP48w2QpGTkdmTDrNrKDpa,59947.25112
BWTg5AAsabn4nN3oCrYrwnruarejjuu33QxPeQ2mXxxU,59821.966389
2ajjJX5bd7vFkVoVgmeMFXUvgcFi1SFS6SEERe7CUYwh,59172.361387
BRNRJzSoaQQVfkKFFBrzHBPKK2PzG4iqdPg1NUxZNf6V,58130.683322
GK7kbTz7htYZ2GyzESqUmoocwNcDLmmMDLZ8u7xCSGPa,57869.963647
2pAsykEDpB4LSSCGkFsFP1J2PtLdUv4YMGHaF4bqVKKb,57426.03375
EbtSnUxniBRn3q5qgS5yckFNuWdSHUe88nZvbmQ5cHhX,57410.526091
F4CnXrqaYRmxY9osDrzVPWTnsyMqTGvaBHstjWooDeUE,57271.350884
3PnA27nsqGJA6rfaVFe6MNmi4Vv3FGmmtPE1ktx2vwZR,56860.69641
84nu2Kzg5menjvdq1ZGSKBPsoVg5q8wTyTD4e41qwAcB,56831.854556
5ADeBsDqZSXetmX7WzMUbC8mn6SGNoLaw5crB28M2Hwz,56543.108518
HetUQ62qbJHZJL4mjvUPYZNrxZiYAwnMCBUtpjqcez7n,56244.482049
DyWtqesXBcsQwMra12iSAMEzhsarVHs7zVEnEjzzEbLc,55822.783398
EhpC4C3c5egEJrBS592NfqkwT7mFnMqzQiQdverXkr6,55470.798136
HzoDyDt2HcHbKxnjHyG8LuAfuX43VMhg9RTNST8R6UbR,55407.797099
B8PfXQ5GYcnnKCUncPcLLvfX3iUaeftfzxDtpPzWp5Jp,55036.83235
8u3CrVoZEgb8nRct8d1zsQDUA4CVKQsVLaG3FYzgMBmA,54916.084575
343WqGrdRmhbK844XERUd2QTDmXWbr6xwKC2YNXGXCHo,54175.089869
6Dh4nJU5TLLYrnaaUx1jye68TSGnDrdFD3CE51sVUa48,52954.959638
7nABuBFWF2c5sAS8tvhY8zbiJC8QaQvzLKymAKcSmgJu,52393.33189
53Ff38z1SnFEJSD1adSfyzxHWg7avoun9h5tM7YA9nqW,52374.162943
68B1YBqyinh7LgD1FbD229mH8Z2uRWimN54Fxz32zYzG,52315.181264
DgAWpbS2AdhD2XDRoYJ4F8h6NeCUtvZm5jPesBCXN8q6,52279.482228
ExCUJJsdmMSB1XwM2ha2uRFTfczCfQArngWr5XrgsAzC,52119.930887
DpmZUYT4abHPCdB1bFFvRu6KGQnTDTUULG8aWsdJaeLv,51737.701886
5BFrjc7UQRvVfLmWUpK6YGKwwgyUmrM6i4Ys5Un8p3pX,50907.043931
5HdDGbZzvjLv2KfGTMefKNbT9aa8v3gG6LAoJe9EdDoj,50896.570011
J1b75ppq46h98uhE8NZzFd9j49eJZ3pbMSkxhCqJEs6V,50849.802449
6WmXLbFV43kaks7ki6sGnZMZFFZ6eqm7mvqsAj1ry3n5,50343.894488
AeBetRAmyZpfKQpXDyPLSuZvBrFUuMvwpbW9RypW43yh,50182.501627
CHRiTnJm5aPW18uDUukskDL4sPY6Cm9C1tmPMpRPFU7Z,49535.964042
9DDjQwUaUGkxHkmJgN4kQd7vv3xfDP4cuESgUvDtCs8H,48842.150874
4M4nprLDsvEyuGAXtn6TFUySfqBq28zgHdXERsTy4Qfg,48832.80064
2rbMgYvzAb3xDk6vXrzKkY3VwsmyDZsJTkvB3JJYsRzA,48698.114535
3WUV8Pe2duRSeiFwMUCeEJHYehS88AipSdzFVHKHKdSZ,48697.151644
5hPiuWQnESULFZ9jUtstwCjE7A3vbWRr8TtNy3BFFkx4,48636.946506
8Vb1hptT6JpcJDiKgm1yuyUGN7jWWSSy9KPHnu2q4U89,48576.350402
Eg5wiknxz4oE5u7G6Y4jaMSWA8Z8wCiX6Dneyppsm8in,48472.154812
YrbkEQ8LcqXAXwQFNCF8N1uvjDTrF9vdrWwAgCM4meZ,47584.112791
4c9jeKY492ZpcvXPZJZ55vM6X7PUZGjRV3gRyLxckCcg,47463.432208
7VwuLXPoNE8pxf5yH2Rr6rLpPZ5QrM9WgseC4d9Z3qbo,47339.457539
EkfkEFvmJF4w5dLmevUcS1bfmGx2BMpszdJfzJJ7ra38,47065.369555
CrYPVvkbzNN9QStQg4AibJa5kjNM21oX9eS6wS62iMbd,46989.475431
A1KwVvaJfodFPK1fccRjvpZzQn5g9cCxsrLt7naCL4NZ,46702.945531
5fgHF8Ujzd15sHDiq5mczxTUdjuC96yaHxzGcqtfRy3R,46613.524573
GXvQCKxFXWCKm65dBSvRMm1vuZ5zQMu3VNAhhQj6prEn,46315.722786
J4MdEM44sBM8N5jS3RHfafzVHgDHrqF454hZumQ6LLTT,46245.723235
FS3es3CFdWqhGgqfM7pBXqzwC2Jjh34e6iJkjx2xwhNS,46218.484804
F3yjeYvFbbwrhtQfUdopiFdSR2r3otXFQCNXKy4xTDg6,46099.603761
3KBnqPqPNXUCypMCuw2aDKoSXHSjziC9961PL6qoEQnU,46093.008157
GMqUigHCKou1ZtmWmvCqiesQWKwiqrkLM1uLa9fzmusL,45926.85314
3gjsFGFcUPnK9momXJ98nNxbH9ZFTyj2MJc8q8px1WZC,45411.529735
HthMoRcd5wmjxcNsRdexWYjBQrUM1javTqLCySeJS1E3,45236.233235
4L3nurWQvrjZenEkm63aVJgic2447x8nnCcM1Ho4EKde,44657.360445
DNJ4zDcpnjiUj5asu1wp6RKnMXKfRxzuVNTSKRGLzEmP,44399.310224
6wtM8L8nwC4SxRtaRqfhUzNBaRAYceYf2xdyjF4J26br,44386.547204
G4ovn49JEnqdQKrg9L8KY4M1aQggcrPzaLp2gDPmvT4a,44127.40034
6SvxirXn4khgF9pKzykG1y1B9zpG3653t9RrRz2XaVyX,43787.121876
7dahKFTAaS9EXbeTsreLph3Zcpb25NfNkxZv5ynWmYfx,43593.721949
2Cy19NKYGCgedDWrvGT2YwH53dAAwBZCYct4bwfXQQK8,43258.91908
FRkRXbevd6KGHhp1bxqGhsEwKfbJvqNvCx2KpQbXujjY,43141.479787
4ePGoXcPVRhqs8hd1nFQzAWAKsqbV9o1M5gcTT3Nn6go,43024.691079
J76zd4y8CAHk7kJAQ4fFiT6Js3xLbxqUNvYQnH2QpdQn,42540.192536
VzurNCf8yjJp1RmTuHU32wT1XbeGoJXJEqQAgYhEj32,41350.724083
GC4WLGVaPQsdWkGte16eosMXKsQ7CRFricZwBmMxNASq,41007.471104
Fng9sSD1iC1V9yNhyiVxxQTUEbTem5zXWeAgF3rvTVEt,40843.168506
ZTaQCkhDeFpwFRdc55SuvU9dN72a4cg22Y3JenbEp56,40524.002509
5WnXU3bQi7irN39ibn1QnfidMsC9bAvvA51dZsaK2cVE,40424.371986
vHcnVkoDgFHSnYUzL6JmmRXBAx2E3jHhbwE4FoRhWR9,39866.833781
9592C67deBAEGY5YwwVF83bPJ5AmSV5vF4aAStd44R1Z,39474.89591
8h294eLRDAv7f8DmNvYz9Zm4rDUcc8urVu74BPBoqTKx,39412.292134
8sEXt95SHtkPy8mRVdkmLXmkgRBLD9rgWUnMZ4JeQAx,39062.183713
83B5EuNVNuH6tC6Ur5mcjK6kE7JDLCTuCfcff2JCBRJt,38913.650439
GBsNkqU1qQAiSomjidLNhqDsXSppzFrHVq3fLsq5wbnv,38220.333484
HDeq4wHE8kntzD89kuYFYMgfpbkm84baDcN3rTxYSAb1,38099.724165
BwwrgiXKqYUj1js946UWBtvDPPb2N9HUwftzGiPsVTS5,38034.794059
GWEawDBoV7dKACP9mD71HcHKtDedFu34SWsGrkzx5Kzs,37893.902345
C5CdaPhyzH27ADuDaNLKiQjNCUCiyE5VDmBQFt4mxW5D,37847.847312
7aWhWy7sLc3QSjnNVVSTv4R7PRD6huTPUK492mfcrsar,37815.398293
FyYkpXUtJCmgEa1aAtT1uS7w9pH6NHU8yT8twVLxSFyZ,37747.687324
G6wZgtweW9DPuZnizcTdfgVKBVtxpJ4HUQJMsxaWAm24,37576.25549
2HMYWsULssLMgkKRqhCxgwQomUm2faEJWKH3f4G5Uw7y,37270.103104
6gff8kWJmAES6ETRT7joQGEdmF6KfTPWHV5nNsVWFVbE,37250.416422
4gFw1Md3UYhDE8uoQiELB55imXR7t7vMhV3uRRD3H8Nd,37080.822784
F1Jt2VAFc5ftarSJ3U3VAPRS4d9a5tH6JiymzbkvkNML,37019.081224
9bTR527qgYNzLwxb5MSQT3cQ5NPhouPjvK5UvprvwBKY,36641.737427
94fQNrNUL4unnbwaPMSL4LcuJaBSL7MaBa1f9KSgemEY,36541.373758
DpGyCzxL1bTxkLK42cg8s1qrs7q6fF9bMzWmqNVbnrrB,36134.784713
4eS3JbVPxCMrGNxv2mM8UPruLChKs97Q5VR1B3XQwnkR,35596.694188
FG1UvrG4Fjtu1xp3G4ZQi68NyBGkiQNkEC7DQbRx5bsy,35189.949592
Hv5fS6Y9e8U96zjaCTCrPs7htW2ypa3Ms5AR11B6MELs,34407.880942
72PH88QSCpEGJag4SbQzv53Dhw2nQ35Xxn7oiY72ok9d,34080.770973
E8fS4BkVcJgHXbtbg2GKnFpujXmJ2FxBSXCdZKQsnFKi,33842.697421
9AHWRpWkfiUvbCEvuiT75ydATPQnKgXTxrhzXEGNBRny,33305.060472
Ct8ncbj6LrggiJMtRcLhub31qTxygBSUVT1TojdHBWAA,33283.596101
BBsgqyD4b11epKQK5AMPZkHASrGV2sVwdzVU2ZGpYFDp,33190.393156
FkskH3gNDpt4j4UPVCV9pU7PaterGHezfsoFixzhuvuv,33185.900423
AMaQp7SbRTWaAqPw59uhv2nDHDSND452ti2kEFUiwUXo,33009.674513
5sBi8xxewsBo1LXA31rMnZ2LbDVceYjNdQgFJA34JchX,32484.620901
6SExHcDzRXLzvnCGXoj17L3AoMy9CG92omKGyPgq7NeJ,32283.047443
239H8WB7GVMtcW6rhCGn6gjMskSu1PnYdg5wXY2vmMZv,32114.745362
7PgLsoWCFYx5TLtoojCj9s7MNJP9yjFqPZituAUZT4Lu,31760.58626
3VWfdQGaVnrjo6FR34v6vXFqhqNug84GpmqSNarJ36Rj,31691.956621
E2gYc1M2jMoGzXPrLT4rSGW8TaDrTx7fxoaDtPBartKQ,31605.5382
Ad7sCSzRQ79Q5vMddAk41NjoYtXXHMPKAM6ivKpLa5yE,31593.060801
GhbJ3t7A1uPsVCWFNFRQpq3Y5xEcJvFz7jGzdEaB6nKx,31274.768775
4sWrnSxBQJPquaJGwKiUY5CMWL5iFXvMrmYqWwYafFyJ,31218.609883
7Y7KQCc4s2Wbp28DKD1A2yLrmZJ5pPCBnGLGQRXZuW6s,31006.371439
6JmkMRzecgTSPRpW4XS7qjJCKs9kQZaWZMWoWE2q4g9L,30564.957152
9ESrT1319aqNEJMcuWY2cuvFnUiugwRTZdrnEby3p4xS,30545.540848
3XVV97SrDRbLE2uPVCsUnmeX79TPBH9JiAGzfKxevNE8,30494.939327
F61P2J9VXbwEbyQKYjVMbJUjkpgMCzj7rNUpqjL42DaC,30421.352795
78vAwV7tmreQXoyP9rDRyuLZT6vVSJdR8eiS3gXGxVPM,30408.673458
g5ZwoAaTCcUju5Lu2r7bbTQQ7pap77bnWVGmKpzVQe4,30404.967589
CKs7WHryW6Esk7S65h2Syts8WbL1anW6YBpYBUuehkVc,30116.183731
4wggDsryV6hUBMDJujgKjBTNgRB9iANcsDPoiDQ5tfUo,29849.705401
AquJ4miYLQybYfiD3HdE5eE5MHG1h8VCniFzeEofKuNR,29324.986345
6oyyCtjxiZYPF2N7eEEfXgCAcQs77QuYZcjCzMP2sCEr,29307.960992
7DV591od59bNa8FxrXSG7tKJGBeNqxnJJifngWT4G8MY,29174.185134
GP8StUXNYSZjPikyRsvkTbvRV1GBxMErb59cpeCJnDf1,28910.910459
DJAcYUWf4W1dAsBmDnVjLLgSmAFPeAiBCjYnMNojF6z8,28822.298226
AyuHQNus9MSihK5iUiat44yn4FARFa5hL5NfDxiBSqxu,28727.840772
6weBJvWJ42K8LfJzmS8YsEDre2QqfV2iXkb4PgbfWKFp,28642.670154
2Q545pYoMfHUcYFgs1cTVvHbTSXWFiYuGYJYevsAJzm5,28385.370811
FMkMaugMhvyy1MSE5uBzxNtMevXqyUuVCavLE5RnGUM1,28123.510639
9uo4ex6256jmrAoHGMkr53Zrew3zJXQf82rjMfgig4aZ,27774.512468
Hi4N2vu23JZQ9fzW69ovLPPsS1SBL8CEnueGBQLDMtN6,27441.521036
3yF67qf1T9535dNtVGWz5eDyUsCKbfoCcgw4bhdCdgFo,27295.899513
CSJHvkxaN8prXEJq8UhTbicv4v9XrcDanen6KdwcBkxe,27219.702418
66G3ATihnGU4nG75D79LQNAetfkUxkZt1dWJ7LYzSzLy,26869.433274
G1BXTRzpejCRfZoEx6KEDEeXPMKfu9Ri7ezSEEBBEzdS,26637.88553
DFaF8gydkKpy93ACoCzQvXC6YA9fFVKJj7HCANFvvTSe,26427.476779
DcQNK7FSooNHGpts7zi9S6WwvyZHdsfVGaE21Y2EKm2w,26247.347704
E2TDfeRtWWjDZBXNg3zC3wQyRjb9GENR9RxNQyQ5mFaH,26221.30035
5zhnibNgWwxw5LrvvEknW6ctpUno3EBDL2KjWR17o3BX,26106.370258
3zZfy5BTcbgeAGp913X8RrDwnzHk57XhLKu3bP7YFvEh,26027.506745
CCoySjMunNdggtACe57MvfgkvPqipCvAZ5wYyK5ieZ4n,25738.200842
FN6Xg4aZFjrGTs5oo8YFXDYW2ciEjQPus1EwAZiBBawk,25662.119638
CS8QC8ZSMfETyAf9hHv48MuUaErtvrGtXaV3MoNciY18,25620.125434
9fEeAbVkiUEXc7HQ41XYHmxwF1jJzqt4uzuHwDLZkaya,25617.482085
6f32wdMWfemHNtwR7x6a5XCDezL9NkLrfkgQjzevopwi,25474.239968
A8PZSpW5zt3MWEKn5nxJaHRhipR1syjaFbhfPT9UjmDz,25330.089531
J5TWtab5RitpErTDf2AaRbbfa8UtQXVYCZVRdjJ2LKAa,24717.847227
GtYWjXTorc5ofz8Bjdyibe3UE8Bw8S4eqzU4gsA8DycC,24168.895242
8Qqf2UvqMEP1pYuj5Mj7ixjhM8wT8fsB8Xar5xjCXJ6n,23960.51104
FrwXd5FTRGzSeGn6wHVuVG9w8UB2mXzeZ32mcQcQ43C9,23776.154547
Ek1fzy9UabMRbp43p4vxJK9AgKPGBe5MNCuQmMaMwW84,23523.841819
CmQFFmWZpKhHXkHhK8vnBcFWn415joUj9j2yUwJzL3QM,22748.824502
HUsAR19Vye9uA7E2P3EB4v62wNbW4bFqxdQRpfbvFMEo,22727.352337
HMsSMhwCLZpp4ESrvmNN5Q8SaDvqiw7h2cQbTXnZWKAd,22646.970709
RFa4i3oAreRDFAbufEFXkXkFcRyzKcPbczbxJGskADo,22200.299688
1SHUpuRbsAkV7ezp4Eq7fXR6f2LvA5GSdfVGQdcTpdc,22125.472982
3EMkWQgzJ8mLVbr4sqQzw3eB2dJyBC3qGasUXjTrStsW,22075.049234
HU23r7UoZbqTUuh3vA7emAGztFtqwTeVips789vqxxBw,22050.722492
2zjFEMasunEW1mD7aL4RryUG1mXno5bEpDvqBtn79CVn,21929.241373
GXkqMtm8LpFSRnGkVAZUBnJBEeWNvcdhYmRCK1uLU8Ch,21922.34856
2WHFr7ShDYnKEPztWfuig9DzV9t5tCuXfXVPUHY4ux8R,21801.251211
7dt9V3DfKkhzmk8eyCyBFFjaAo2oRpR9w13JLAAs7j5u,21702.617017
HrwQz8i2V9FH53rr1GCKTNmhBqYpgeQb2921cm15PYh8,21128.717109
AkTgH1uW6J6j6QHmFNGzZuZwwXaHQsPCpHUriED28tRj,21022.484236
HukHA9bESHBFt4UfiHEd8GsobEXwHYweBqjS2vS8yS4P,20878.058966
9jaYtyoyboJB4b13NcYT34H9VjCp61P6tiw7KJNRzwjG,20603.320297
AxUyuCt1A6MUpXBb5ecRLVhkoqcfV4CwsZZNzBDrhhvm,20541.622244
zHCfkcrHaEnsSCKNEUP6EkYje7FQKJKd4pEtkbFfHtA,20524.975633
8uY7JqApWU6WKUhAUVtoYN9B2RThK5zYdmjigFFnPvmd,20430.653051
HDiFQjtd5H4T1uL5BmBSz34b7AFojsU4e76iLMLoRcbC,19964.201336
B98rYR7mv7Z9FvGDp2HanbVP22J9EG8edwigFtq9WAKA,19950.851101
nYXSJnzoyoATHBRbwoyQkcxoVa45FyAXSXiyPEabNrP,19914.556751
A7dHzfmou9bEkypbuSvb9vPHU3ZCnHvyrnsXGFi8CMMa,19838.736038
4Z5RqQpSa5hnEDVVNwxu8MnPaquirJgmaXyrBxh1A5x2,19765.7399
CFEbsQdptzMV38AyLHL1Ry1CyWk8zVy2ZjJUjSDbgqk1,19524.931668
4tqz9peRgM2W7wmVpeoTP3u3ygeAehL1ru891vy1xppU,19452.813269
GAu7dHefWUy6rk1tUzyuj16yJiXxKe9ykNcQTqJjBhdo,18904.699084
CuiPpHAsp3QpFMyu3QSAyWB4PhdPSteSnSWGLKgKch9B,18903.441689
Bu3WsRcBUjgHAMwmKyuXK3mJFHN7wquqgSjLiZ9Jdeuc,18793.031504
LKhsaMtdFQDh3BZsGBv86zQeFxmXJbr9JPHFmxsRHk2,18623.811545
31RsWMBgReRKK6ep38TFBvrabHcLpJykEthX7HGP7Ynf,18219.900474
E9QdbMUYSVwyvE66YHFBBebMRt8TRjb673v8fiaoZ7G6,18153.310255
5fJTvn2KYMGotc42WZGrE9A4FS6NeLYKLZHCZdnCqWUa,18109.082716
Ea8kLKcZ3UAgta4XQ8HYR9u84t7MY3iGQm7fxH4yUdVu,17922.5
FTaNxrtTqoquBxz7RdmdBgpraYas2pyg1oNMioSYiYP4,17675.809495
DpDL6qziu8F7YrF1V3AvVCRgmLPvyzxPA6n7uPYdv8Kr,17624.322647
8PvxjufQCN7tmVqENYTgRqM5LQZhK5pJwD7Jyg9MuzFJ,17494.58546
HJSYu4gntxTxJsnoKEYs34wocwkhdaP1CzSPwhbtuF5W,17484.176744
3CgvbiM3op4vjrrjH2zcrQUwsqh5veNVRjFCB9N6sRoD,17307.879249
B7dwLogMiA55L6iYN1ENe1CtkRvu2LD7VgKBbHaARmvQ,17054.258364
9QSvrNLtrB1ZqaHPGfoov3YTcfuWm6zF6FY2wQSjjSCB,17048.0
5a7wgFq7KU6JSjeDi1YoBKF2arpU4ANbEPJhoejjojBy,16827.458042
6z9df7NaCrrNxhYD9iHacWQaFAVffAj4FJWxZJWuHYda,16800.940853
8auB5dVox5hY5CsLgzN7CwHD83p52PDxbcidLDGpPQNR,16694.259671
3BBJE4JkHsniPkQi29KvipgV16TqmSC7FDgsC8GqmUa8,16692.627425
BxN1fk8dVXXdxsBtdQWTQyxvr3aaSHcBvpwXUV4SafE1,16673.96292
HvTUqSEEL5ZDRmN2GrkZWsbEHy9cpNdT1SGjtj9QnQyq,16667.806061
4NUVtDqNJbCne7hHcUJNyfQhyLUi4ucst94vpPFp876p,16503.900845
GzFtTSnoCpqabkYbYeu59xc9BvKPBoWBLh5hN3xSnARc,16404.427669
dgPqowzSYJv2U9dsProRu3TCuFTdvcMNMg97nP7Bb3q,16307.058557
SbKSTcomHHCRkNqLX6v4DWGVWXLeDy3fZGUFuc1XQXn,16266.900681
CTJ46qfS47V2zSYbnCZhVoHbmBqcJHqgQXiSNE42Uk7d,16197.129516
FCyoKnrfPdYcjtAmb2Mu75ejV64E6PXjBip6bjPYupWe,16176.275341
59B36Dnu5fTFjCavdDwrGtW44BfFNmV54NfoY9hU8BVo,16157.364534
2imYuRg4E9ixdkMyBa7JJKd7MzDB6So5SBgbvJicwAYM,16042.01579
6X9LPrVfKQwpY4E73nv781rjyJh48RpzSatMpacyttHf,15971.822958
AxtdSjEWAHB1PS3ytKf9nq3MfSr8RLTi6XKPvsHdwecC,15867.924633
3cFdbQLuQ8r77Qtpu7yxDFuGH7EuiJyYAzmjXMBcE7a1,15774.354497
2t8i5mBywbm9D5VPniNTT4LwGuPFiD3Ni9TmS4vxeoFd,15500.0
GiFgJVH8VfVjaYdNK3Ssqjd2c3VPHMdo4Vzp3ZQvcUid,15371.022629
6Wh2BdZvVuPHmxGYANVxf9Gn6tUU1mhSFCKntckVZoEa,15319.775066
HdGMeAnrfiN19UFsQD1eo1iysBQpNgxPCnQLPnTTnFH8,15308.631597
22D82ivLW1SQodGzeBzxWK2rQCk2CHCTtjHaiESRk8Qs,15308.253597
4xRvEePk5AYUhfNMk9QstzkuWMex5iJCABYeQ4nrLD28,15247.343995
AN8a7VaRQy8aC2Jrs71HUvnWCQ4EdZXHfcnddK2i4PQh,14813.690877
E1ebm7cSymrZtUU1GVfhSTp9C6pzgjbrqT3g8tFaWifz,14692.548056
4juqx3YaQsqhhvy2ZLURpxr5WrR3cH6gi8GHSWBgdsoU,14408.42621
GZ8Xk4YErouefpCJEVRjKoTZUdcKa1fNDdHsvfJpFkT8,14372.750528
BR14vrunMk7TrabyPAUaWQKPY4ijRGcLbhZBwsFoxNss,14326.807065
6rD6aVaSD6TYQpKzEHEfhgzyujmiSM9RZzyXhTAKuviU,14317.65333
GpzWqL6zhz5ZLAzCxNs8XNrAkh8ZKFY2FoaAZmfqxuDu,14213.606587
8eHfWvNNGZkJYLdhpSUEBs5r6ttVnQ3kXT23YewgzKTY,14178.03008
FSvuM98DquWhNuJwfctBBJf6pHWXFBQfSSUvCKS4puXx,14156.317418
BnRmMULMB8367pYjWcwZqPFLy9T6P1JKyBFHQzDdFVtV,14035.149544
79rqmPdFQRmeTfEdiV3TZQP3HrbdeJtJdWh4agbyQ5RW,13896.510129
5CcXActSEzbWaCW4ihGWYwUnaHCY4pfXnrVJpCM4m9Ca,13829.693896
2CSfSwyGLnbMRKgYrH1k7Qfcr3kZfPYC4Mn2co5HbLZv,13585.415898
66TzKfMj7o2AZ5gKCGqrMPSECW5Bou9JckFi8pL2eBsS,13190.773144
8rAYwsero5XSUfPjrdnSEDH9Zk3JGjfpgfSqPsXBFbUg,13114.0
AB8CTfTWUPLmr86X5KqAsE4wVKuLC4Mnb3GP9PhNLBMs,12972.145178
5wfaYWN8LZEeo8q4Mqui9tqZRueCxQhUGEseXNZqxg7q,12538.273055
4hXfyCpCGA8Kso7R2J6L2rYTu8BE2zGnSXiLifavMEdg,12308.210202
AbHcDMes7uFoLV82cLEDeQDDzTJ7RyqWttjbGVy8A1S1,12303.678925
84pS9nd59eZzjrU2cZ7a68Rspz9ddRcFi91aXJyJf2q4,12256.180784
Eat6oa9wAU5i9L4bedo5mwjFaxKqT2JMjKHo4Xp5aXb1,12102.087481
B663wcRhhJNjoDDYeMoQ5LYACFZMFN3nghTvgGETpnsN,12023.710549
DstCEDxmXJEqEttfEZpfLbt2nmYrG9tnUfRTk6Pku7VS,11939.072535
2aU6iSUAyvA5FKZaRce6NnKLKcCKZxLaFhGSCzeJFSkm,11891.469067
6cVzQcgSJ9abFsjTXy7AxRb7bU13q39C6qnCjqZ5XJbm,11860.150301
3zTLVeuTyLA8BnTWDGZFm1TVTouHsRE1tG4UvgTa3GUR,11060.476754
3Z7P9Ec2EHxHq8yo1He2FmP15CzQWRGF2CmujkHZJMxU,10875.217187
5xwDiCNFoLqkxRUs6SCTS7j2okb9U3YHoTz9VftwS9v,10527.472798
7QGqXp4d5ujcFF4GwD2G6oNrnA8ChpPRLWxTsVpvwkXU,10504.455038
4jJpi9sUA85FcpFiVxRHRW1KMWAPwLQYA4MWjMw5XZJH,10461.806336
2qBj4R3rdNxtmibo4nyd6rjhMviKLiVDCbADhefwCQvK,10385.599519
9jdyGD1cvoeRYz51WdkKGBXwhjGSHhJszYp4cKr6HDJ,10221.14021
BidPAix2sCXP678o3L9mgR8969YCiokQB2jaVrz1W2uq,10204.239635
3frpx9CfFqQpEATa6AuADADN7iTmnUKf4BvKaoUMkpn4,10125.272035
9RYMgtJHEUUtipJe7HM6wJYLJRw3WcSWUCuRitZmYU6F,10117.71542
55hMCXwQw5jhxHgcYPSDqAteZLYQ4yP3knSePyLAmfQz,10099.40975
G1PEYnywGKuseDZPgR9FmDm5UDmpD914RXUoHobD5Rh7,10042.180204
9t5ME6bXQoHJHgMgmXrqrYWciH8xfn76J8zuWiY8pyS1,9972.15269
7CHsMwUuTv6dRCyfjzC2wwW4YxqBd9DiqGd76eRunij3,9968.337546
6SuvPyzx3n7iVnoVC4yq2kpchavaaAopBZLNxDj4R6bo,9934.802343
CExpJup2QuZQc96eRnVTPdfr1SKmFadkbJNf5kDo4jmp,9880.36518
7dGrdJRYtsNR8UYxZ3TnifXGjGc9eRYLq9sELwYpuuUu,9828.638557
CpoD6tWAsMDeyvVG2q2rD1JbDY6d4AujnvAn2NdrhZV2,9791.331128
GGQCZguupgm8Pzk83vNVgj4CpjbqPFWs7BoiKvwpJWHd,9785.299011
EY326mAAsQ4dhDtUZNMZLDVbaxdPZECDRmdwiGj3Q1fU,9598.92034
8v1Ja5Bqs3pTQCcEtFUmB1f5hu1VMjqPE7HaHuLy9fDc,9471.166586
5enNXYTX18DuWaf4MMQ7tTxJ2ik55DkJK6WM6UukN5ik,9453.523802
8hKDaZgcz9SXF1EpUFfv99P4qHycR8xT9ygKvRvJkEH9,9452.196705
5T8YCWgnyxUxTJQBfSwzSitmyxWdPEAvnCc1LCagsNEm,9429.955091
9cWEWyqUVvSPYS1CsXRFMLqyL6ArWRjhS89PezUYAhwV,9256.454748
BXkuPcmeePXpjXAkvtnMhVMrAHMAvCjgK8cNsqy2MW76,9238.317262
7ViX5kqfoJDpBnJLhL6Gp6oeZjkV2BjXpAVMm4Yuk8sg,9179.5
fRqS3bNPJCVbP7zqR1fTQeKMgNS1wjY51BUJhoNfX7B,9003.913009
7ShpimmFYjd2eDeG4Ds2tRnKKLkjmdtCRD4rs1HaDwG6,8929.056979
CzwDwi4vhUT2uBvNLmCQjLprNLCcRj6VJAXbWTWpGBSm,8911.723384
9Ndh1oYykESH77KLxYpJ2LCTMYYecP9Mb26DhC4Vx3fB,8903.617152
Fshry47xGb1g5JJkjRystPuxTawtjDoZjpMEZw8wyg7L,8796.498033
2u7dqfGarYCpSaAEczfwxxPzZprK4w9MvjkUkRdTs15n,8751.175583
34SfQexQhieBP8Sw7A7nstrKbxkvgqFFS5e3fkJEJCsQ,8747.385241
13J1f8ViSUuxcbXftXzSGCCn16mxbZW1p8hD3u52jvSN,8698.549506
CDzaAkaNRbhjyEZC8MUF2UwSm9X96PRxmP93vQg6Vznf,8651.325285
2zCp73Swuy61M7G4meE4z9ue68K2emhZXbrCBzvzzTVH,8476.627344
BhgWTei61SvE6MCAqG3d9V7HfaaTQJC6v5Lso4RxLQdS,8441.360265
FBVqy1MddF37uf1j5xyvEUNH7z7i8DJKp2ysaWJ1vdNg,8278.560643
6QF8cwdbhdcEvbAzR8FVAWgz3b8A6YDX8sjCmWWaK8ft,8270.283297
1x7aM82qLEpVsrN6iqWQ8UJWkW23esARgH773EPgjan,8267.117827
EP1M8cd6RHUcFX1Pvm5CDkXki9WxQDZ1YSKoeATKEuaE,8235.968657
d7q5vFppxeKDS7jHraju36XZmaDzdhRsUrR3SyZPLD4,8234.981806
5YreJyPQqGkJfRq5GU4P8wvXSTBoZgrDdKdb9nLJdEQ1,8213.358285
8GJxncMHe9CHzqCLjEFUcPKSkdVoF3zqxA9oGqKeuVst,8121.591184
8e3rSXunFGgKc3NKQbKd4FCMCDDxEXsYDozuq27gKDt,8084.451693
JA4tZuKraReteSUzJ85AmMbCVa8L5XJgHqYAT2xwWfm2,7890.491373
9xcTD7wHbkf1RpJHUg2ktZz1ZNqgnbixRnFfKHRjtUUh,7874.602283
E8r9R3TP7eXrTzecP4BjyxUBP3GAvNNUjteRxC3fF7D4,7864.493601
CszqMkziT7d1WBRzeSt4ZohGSm8ecVTMjziSGSu5umeF,7820.646447
HQLXB2fxTndXXkkz6vhzwKJN6iKR6gkFP77e6fb7NetA,7809.623023
7Wgd7x9kcKN2s3R4NE2PGjSHZe2voETJ6qjAFexJRs5X,7764.359015
7ipEgRjHAqxJxU9UCg2ej4tg5hk4aDQ4YL8yRgQ2CQRU,7736.152284
Gpi5rbPSEhcNgWujNJLc91GPAkT5xQEzRXiaxVydkozU,7731.047952
9q4Z7zRTZKBRFEHrBpw5xa7a2oBF6WCV9pT93mn3Ag6u,7526.339224
7J68HSFWttaY921fnGDMDWrkBKkPMAyZ6L7rfHDn4j8h,7523.613436
A9E3Mce2pLJ34tjydc7YVxTj431ASZELfH6LC6PnuxEv,7501.144738
6D7kAXjHEPFwSsiH5EhKD33X5dfNQ5UKc988PSZsmcGD,7465.695008
Ea9CSeg9PgxQGHQfeFNkPzpsSArGhRyjYFsx2K2idrPW,7431.0
5FVvjxJN6NhC1s8iyGDFSa3tcm31ddkvZPHyQ8nnxVoq,7430.960117
5Qsv4QZm43ZLYmiJ4XokMWWc3LXZdVvrdoPfV5ZcEt7v,7337.166638
4UHdUb3RySE2ciutJadbrBFCcMfkgqNK9JZ4djhsn5ip,7253.961852
A1mH4tkhkhxvY3RCr2bawABmFheLojqqzsfiohJbxLC5,7173.509098
Ea72e4QJFGMLg5KroCA81sCuW9yWRJhJ99Cn6cTj3xsb,7152.284507
Dx68KpUMZTnTuPajcnf7BqSTcanzzWFafWaHqq9pZFAz,7052.063317
AKAGvXCHJYgPLh2fJt6fo1CQWJwjhkqAN7z1p5VJsgox,7002.917984
FLRqDN26VF8mg5axoupyWycYtDFdNEoETrdEtNtvUKLz,6994.0
EBdpCUrRPtoLfM8ts2KxYHAzRfaxDQD5cKnT4PPqNj2t,6988.459662
HDRTXdobQMnLwYZ7p6q4ZJsdPqGFB7XcbHLk7VVB3czz,6971.235693
BkM63h3h7zvVYij1rijEQogFx4Ma2iHWwUMuu7ugn7aJ,6938.940482
C4TmutLHedjXpz6t1bbARtnTYeUoDjDbGgsewa3pMRUF,6785.494635
6V5wFCv2a5J8v5kz9c8iL1uxhKeb4MDueshPf9wjiJfW,6747.489189
5KV5QdbjevZc6CQveS5UvLEVejngZMWTp38796droiHC,6675.437321
B3eQuBxum3qWn8X8H5kru7RoCKttkG1GTe3s14iQvtJq,6581.649946
3Yj8pinS5Nobg9F24Gk4B7pGYASydcMUQnr3yoR7faUV,6545.832081
73drYrZ55QNk5cG1mHThKjtQxUzkXLApWednHQSm22BZ,6521.738838
4rVUUKhBDtJ4apPzY6U5RkwusnLsdEDwCLTzuDh5ED44,6510.571332
8VaCmHs2tNJAJnbfKHKHBKnviDQHKxRd8ftCjXQPTvmt,6494.383149
2fNMLFWiurRoYc35AD3Dmv6ypJYCjTJmBMyzEfzxDz3E,6451.077545
8rRG9DQ6WEjijZKsNYARFjYeeVjQUUn3o1QcPXwdcoyr,6304.305878
Ce7VivCiXmu6cgAdHhwoGhGKDmFgQHk2hKW1vAZcqRdQ,6279.972954
CVyyYpZ6moDSvS9g9HTGMfJpCa1Ywrd8fEX8qWHFTWPs,6235.780392
J5BNCEToVALupJRsa5AjbVvVPERf3a14FfrTtaSYPcj9,6119.5
HPePFRZhC4U1SZB7T6zTtXyKF7tWnA39gohThPnAGhUH,6106.861712
6Ub5dijJx3CWSMSkK2yyurDK7G7GDbKhcYx6VKVxVjTp,6096.561808
BBMH6FVSx2oZghYcJSSVMBwzUYpXGLvUwdYNFDnHkPrm,6022.7776
6ptiCtvqJfRutvd4obMAa1b34DKSAkCTSe73QJPJz7Fe,5967.217152
HFqp6ErWHY6Uzhj8rFyjYuDya2mXUpYEk8VW75K9PSiY,5903.597627
BatfXwKJHTThPDfeZxDdc44CxBsS8M5PUWb7ywFREaFs,5649.255296
HJASwzMxUuCavR6Wy8tpsHCKJfypjvitgqrRxVSHEj8b,5579.863148
8UZ5mGrHeU8Avf7SoBba4i732CunQtVv8DDm6e2evSPz,5567.926582
6dRN1MurDTq3bSG5c7dZCMJVTPYnP52eeRiD7QhoMkwU,5546.35701
4fjcDJsfmNpZ8VjHHM5w74QYWRRYchpbhsqUABUgwN4g,5427.050753
2cpqZZhrGDtYQAQRF7tB9nYv21XZFocHquZJ2UfjjS8L,5420.115593
MB9wQ61RFCrxkkEJKwx2Vmv2DiFemgR4TiBwW5m1hxo,5327.553253
AJbZBmkcA41KKmezQe1VCU5zEk4H9X8mzqy8VxomMExj,5216.142192
9HmB6yUVUv7ojXXdX9ZPhzv5rSAJrAHLTg9J8DVZSk5Z,5112.706051
DPjv2JPi8N58Uoczna8aMFrwUd5sMUH9pqN6S4eSzoC6,5076.16303
8hj5D3vyd8XT9bpBqpK3ruCvaR6r2TvhSGRCLAzJLKpP,5069.243577
Ck2cus3VBCKcgnSY7d2qp9ToAQZyAmTfrAZKp69JH1gm,5066.773033
D1TZgwmUpiZeoWTpK59X6PMyykXLN6Ja5hAhkiEs8BT6,5058.979289
FugbMwy756mZjTrHPExRecdMQPubKqrLuGhsoqAVYrUN,5020.584705
43EbQoQPK2PJczGypKQFCqk4Y84np4Av5TLe7EgxHhMF,4980.633886
3Nxk1ci84VG2yJTRcGvmz1rbVXqPUDPzqQLSGjLTjUHQ,4975.188579
A4rH7DjLuVSmJHyp43s2q8q1YE3TvYwCEDBGtvGvuBji,4968.309153
5xEbtZntB4NPvL1p8jhmHTPD4bD2ctumMCtU721VY7gs,4965.572841
9vm4jJ4wia869BBxKYBGzrqCHxEKDMFLtBeQ7c9S9WQG,4950.487476
CmxpKbpg8B3Fr7KfRDZNVqZ4m67Rom7HeeM1rbMFVWf2,4925.912482
2B4bi6u6As7uFUZemLJJeoVfqBDNm9uYSckvAQdC4LsS,4906.457764
KyFX2RsTayHS3sPncFPhgcmB8SEnnBimFv7rDF6y3NF,4890.840573
ECk8ZpEXY9TtznSYr8g7kVTJ8P9A91CAWJrnb1cHQFKb,4779.261744
HdtvQRYa5RA2zacvMVCHD4wbsn9h7sskCzBmAhaouM8c,4721.030044
BPmMQv8T3uV6ji876kXVTTZV7nJCxJrhuNVQUihEG8iL,4675.522944
5sobomuvjgGfTfgaQhsvrjqeqtKLbj5oNnhVR8wYEpSx,4627.257941
4UX45n2PvxfjYmcEdZwoxoDSvZZp7TzQdicFVnPGd8oX,4570.307291
BULChb6VB5HRL87Rw1hEZCghCtb5EvrxTbNTZzsLFL4C,4547.378951
DZEvPdM6mfULzhZ2YWDUpGynUvKaYrNkbwcYPipgdNNx,4475.97012
6NRkFpfQArh7c6ijHUhA6uC4zQnLtTtTrXQAsEenuSkt,4420.625824
HN35WABcrAhwhqgZYi9UAgbcumkSxJHWwVsSheM6byyD,4410.580601
DRbA2T6erTzRrhr6TqbV9YprePS4FMaZhb5RoKRi1rLR,4405.831895
GqQg6GT5ibMHwqvsXDbP6qheGUYMQ6vcsxP4C8Fut5gN,4371.0
AinST9tYK7PBjKgyqqiUCFmSJUxB4vVqY9DsH8ifVkGu,4371.0
6Qt8a3Y6B4nekSRQ1p2e5yqP5bSCbE6HzUTdWwdfYXmR,4314.432487
3bq2pe8VEc1RvVzKoSfxjdS2rDSoKktu3WZNWmRUfnqF,4309.290795
43KVzk7yQYayh4tp9Mw4mghnyybEfdRYWAeUyuQBsNCD,4304.236924
4PSCLWyha1ckjk6VhHRCwSvJpzHL24zK2dLyuWr7mmce,4264.228613
9KDFYHsBuxMq9ZqHNfC2YL56wGvjsVdxUYWEsx6dpHpe,4249.922036
J2qfKoANiPsHSsRyxJz3cnV3mpXuCL6WczfpFXPp4X2J,4213.603033
7f4HALp5doLE6cZwH3yJvAtobQsqh6HixZwjoi8kTEuc,4187.0
DeRGniaTDoQq2gqZq4RoPnA24abLc5Z4fRYiG7iZuYjw,4104.792303
EMmxNwDox55N5idJr3aN7GwSE9FyPtAK8HGJgRWw7zzY,4084.945938
CqQLcmxL85vAw1WuWLcw6NbVWT1mVFLqo6VHwncEoXJ4,4064.115118
DiUq65HNJoUUX2oTKWjU3AMmgAAVZTog4Buu6bHzdReA,4004.338808
C69MEV8pfd6GMr2UCx1rAYJEVU4VccDyG8RQcsa1Cr5z,3934.0
H6Ci2YRMdkGCgQeAMyQNqH6VfeZovsVAKbEkDe1tN1ud,3930.296926
BM6FurTu22KLCBmG45BdrdYF8Nzjk6iLqvUkKP66oT9g,3920.651154
5F2LVf4VCNFCAPHDeu85qmAe1G7FYDGzzqZ1XVWU264d,3818.76849
Gac9PAQ4Wk1LND6a7a1wrNWC2MTrwfh1zf7JyFG74sEX,3798.54018
HdE1hWMocJpeETBiYP4CdFHLYHmSBdSxNuCjCnQ6w6jK,3769.081578
egtxLXcBd4qHkoYYeMTd2tAcomRRnQ5mzEGvEhPmQ95,3746.946702
DdcwjpACxMMtKhx6RLGL9Rzn9bDmr5oW4UVpLfjmVy5p,3688.155258
Eu6iNd3bttR7C56Wdp71EYC2rXTouAaWVv3kQMHLfNGW,3635.144058
2tGFFuxYucg2UP1f6HAnHhQ6LKux3vmD1Zw5g1yCGJUW,3603.528836
3ybhpEV6KYfB8oHKz9nAqkJHtwxQnVanqLj9RLdioBkK,3600.077844
3QHzWGbLyS6YEidpsFVZreyCMt94mKCUdDkvWBuuFjvG,3496.490272
J4Lk7W2paJ9GHKjN5V57sbfQeTH1tVcRpy1wgUVXt4tQ,3376.797364
48XHFcstSomYSzfcj2cZDnjS8F8QmLNEaQ2ReiV9domt,3303.757955
9sMkhRnkoYzMXqQqkTsbFeuKHKQ7AA5HH29Pgrw5EUnm,3282.797544
3vHMUuSvmBxvwY1RLLwvi7Xiaktq9984HrqFs8Ybkshx,3231.520855
CWr1UZXQUv3vHLLP7W6F8ycrkvK3shs6rBYq9M9cGkiw,3187.240736
zFWDh1BSje4Bs4hcUYwwqFsFwwS8wxcVUNN4XyVia1f,3172.649557
7JfDvpZYkpikoi3vnmwdzHtGssYcaKqAGR8dH3T8ksTV,3158.077889
6vP877RTABmCG3esXbANbTyDs9GtuGY16MWNTqG7HKAs,3156.750982
8iR4UF18eVZLQKjHf5y8cFQ2XHwwosu1Cj4SmQZFg5TN,3077.101084
932igdL11sLhbGWgQ7ReZQBog2ycXuRJzh6t6G6Jdxzu,3057.938136
FBSY3bqP617VECD2Sx7fyC4j9PpaKaKWE2RjCiyCM9BW,3000.0
BD8AcUjBbFch7NH6TioLTa2SmSZejeXunZ9vfJJ3FS1J,2989.218005
3nQ1ekExnnU8baonbfNFenCkNX3wfKmNY1rfi1UUAcZq,2952.029056
E5Q7Kr5yW7ZQyy56aPFAR2b55GMpnBY7G4sj313GK3GA,2834.370741
9yzjz34wCfLJ91F42BbLyEPAmX9vBJ4pyMcVGf5PsaUe,2765.184582
CwF1XvsTV5P7xgP6NcV3iCFg61WG5pRK7xpKnzKwLi5E,2748.366575
5mrxuySpHeFJPs7vaYeWaWvPUABimBwMGKaSA1pbTSt6,2698.820839
2QzkGguN7qfti9JogKbQyCH1ktPLK6yLJEy8mLHf7mJ7,2629.108603
B45JZUifYY8JXCgqyt5WHg8g9LDMADHfYS5NTyGnbDQ,2622.5
HjCe449L97GTyiXxAQGj8QCubBN98Ngr7qHorRZzp6jv,2619.730553
pVqoKr7B6MPdP2eTYZpdiJGRSK3RYvovPQjYJ49ULr7,2572.654493
FMVHP1xw6ZHB9zLGyrJeeAvEzCBgouH8bPzdkYqq2C5W,2508.113729
D6ydRrzEU5jBsHgyZ1DkBBqtERvmVCQgYNZUqUDhEthN,2500.0
4HVWQeHhaSRZpaAPsZzyRfQeFpvs5apAzWb517jkZasY,2374.574027
3RAH31ZzHMh2Lsu96SCzpVRw4S4tEPsXhYdbaKxJrsw7,2332.105366
CE1BxvDxwoBAQfY4mMaME1V4o9XKzpGxNdta6LMwzp3r,2205.322602
7druhUR9AY86DfKkF44Zq95yZ7kUNBV9KoF71NYriibs,2164.405453
5ZAA3zNSxTDdFqQdKJsCeYTBrpExWLCqjt2HPWYiqoq6,2107.054556
87bEQ9JEEPp3GZKKk9Y2h1uw9Lw4UUAyyrXV5wEHGNLR,2090.207679
9vhkWwTrHKdpQYC9gZXwdbKJn2oNHNioEVXdJs2hqWch,2056.003415
5w1hpaGQEWdaZnX25FrnbSh7UDagWgpCTkriy5Rbs948,2039.369931
J5PTAnLDC3vnquVMnjtxLiZMKcFZy14HU4UcVF9KbG8g,2019.711494
C6DPZLsm9P7KEvDatcwG1vNgqyQqim2mHZWzqebwmH21,1968.717776
HYe7DwWHBA9KAdAmg59YvRAPN2dXGCN2DGgUjbXVuSg2,1962.544667
C657g7eo1cGGBzgg2dy4L93PNKcW1T9yGZZvoT6YowSR,1927.957874
7nEp6B9z8ZHaK1FwWejeFNcChXjfCF7VXfkyfDk2h4kH,1913.691929
5jppURjRmfYPwEgv5WxmvqFgYd4WcVSgMhsQ8YrJKQFK,1858.739547
BbC1bc9fVRxeqitaNhU5gUJsTKXvtaTAhvM55fXwBqp,1840.764061
jHR9wfX14QgESAEDHcrRp7PE3Q9yUmQZ6zHEt64Vjks,1835.266662
4SzZqRuZq5YoSbQkJmwBCcag7KGf3vGCZ3NhzPaUA7UZ,1814.543555
GJ9VTRpaY6q61ygvS8KAC8ZStJjsh7dCowg4xmrjszVj,1780.534639
2yFqZx78FP2STW2BGbPPoSrNMQhsLmFhoLsbSxWiL81Y,1777.943563
9fPW6HR5dNQtCPcaZVHMF9N9ykq73eb8piAs5p6gMXkP,1768.876621
5v3vaNGRydVQa9fejh8fmuF3GLoK5ScxTZntp7XVr8wk,1753.300665
ALr6e8XvepfHojPEcMZkfBt2wLk6btS9SHteJFwE19Jh,1636.673004
7r5nTibuD7mqardSmu1XHWX24rQykPScobRnTFZHF9M8,1625.46475
EsHbiinmGrMnedkjWeC6C167ozc26Hi486oCLVFttiBc,1540.389444
BQNdxyAuLR5a9XQvgdM1kKhzWP9P4kRMFfNYFBa7pC1Z,1481.878752
8FhjATHwLBJvUgZXM6ByuJP5a9DdWH5WG3sza9UVb7Yn,1472.041491
5uN1kSZCh6vfGMqpdrYsZBvtPbFhmF5EbyqC2Wj1Uhm3,1463.229562
4vNbjM5H1uTmokDz8GrMNYzQofYNzFBe34U8FVtBxMRY,1455.824921
5uzAnACYiiaBMzTobRD8ZDTGjmfjzY4BBvPo6ucX1qGs,1455.330986
FTaj972d88x3GXgCVy5g8kknJ6wUAvr3qbWrXfLdHmni,1435.620517
9kBnvUbg2GEobpvRrz9hfosZRXq4H8y91xbT4SePdyak,1427.742117
4UDeR5cphs7w6Q6kbXtKcU4QbEgnySTnwco5T8EaSyLn,1353.395176
8qsaCoMUj85aYAqqjwAxsaoKzkzYKjDepUHVACXRNjhh,1306.061202
7SYokuwGf3qyRk6uEHp3uxS6ptsrEWVxbGm8t6JXWx9A,1255.836327
9kh9LvYXg2Q415J3fyUN551CmPvWR6hmD459CjpUWuEA,1233.463281
6LXutJvKUw8Q5ue2gCgKHQdAN4suWW8awzFVC6XCguFx,1232.10961
FPL55zeDtL3icux5Xemu1x8vtz5CpXhKpPU4oAuN45S3,1180.423821
Httc5kKkuzxga6NkiZL6xrvEaSkczVP5NHshK2XLe8vX,1164.419614
Bwfpr7VvgqHJq5SjkrKGV89dTQXUwmubzojAkYDbECvF,1163.263942
Hu3iWAQPxsAadH2gerNDHJYERg7u2hSNNWtkmRK1wAjr,1155.246982
DhnSDohaxnNmWFn9sxSv26vjcUFFkaQMF5WR6NjJ6X8d,1130.482239
4DBdCS7ThJjqn7zbNFpFrfcFAYYfbnabPmYnR8NGiUyD,1128.112619
4RGFZ8zazoXjbYoJfVVGpQKE86tGWtb3tXXKAmjyVJze,1114.194777
4Cp9uvGFbYVieY65FAx53AgjjfAyet4sUH5iWFLTN4HQ,1098.428342
EANkKkFy5h31LNyt13rBEwtcq4nSgkCSDSgxNVuiGMgp,1088.807918
4QYa6iZtrtcPYu2ToRg1sKG9wt5j4jkVW5Y7EVNborBf,1055.767745
47Rm2tyUKGSg6riC1je63L9cCNcyZyGNPB3gQiuKhiCJ,1037.503231
taXiqs1H7xCLGASfR7nPYf6YLgp2Ztb3r6etWjyzTCJ,1007.768104
92tEsrUPvQPQjNtZr3VafV3JUQNWSPe5Zb56prvrMAUu,1001.681003
6kdCshAEuDPrbs1h1xsTRCEYEw8bSNPFzNmbE7NWFsd6,1001.646573
9Zvcojco2owxZjy1HwLpXuse1xRZDfKsqVt7Y1v8wztB,967.780704
HJe6PZMFFyHhKthpXnC7UW9X3zvEN1VfLUxyVdbmgDe5,947.315745
57T4iXxkLVk8ttkANNzcb68xNQnwt9vowYUMbP25GXsp,902.536983
HAgSx19YhyKJdNeb7wgXy2e7k6qRCo1S4DYgSMoKHMoD,887.122191
Hmy8Wdqm8jiyQRSoDD1GvJ9wj95kcv6s67EVCX3Y5WNe,874.573862
9gPKLV4DdUupHDXowMVYgA7kBKsU1GEdE35KWEjZ9sfB,874.0
2rcc7qiKJtP3nLSMghce4zpb5sB5jjgJTGhTJvBDoG3V,852.26233
J22wCDQcUG7nQ4CGiiUv4jZRC2D5bq65dJUTKkgKxQwg,849.376942
7baH9BAiA6c6WsxfXGQVUpgcV2uxiEQ7ayybduSFWAL4,835.159698
DFDjLXZCkkQzDmZHr2CLrkX1pmgpUs18gEakJDxz5VYV,818.396746
A7FMMgue4aZmPLLoutVtbC7gJcyqkHybUieiaDg9aaVE,802.681232
8iygGxCTJPew5jmbWRunPB8tcbAj21U1wsnedoSsxsLx,748.936832
5bBde4boYMAA3BYDcnmDwPgpfuyXLaf4RVEMGzdwabfW,736.587437
HxjwdF326ZunmUwC1iXhfgL3ku78YsksN6n7Rfxzwr6b,713.08845
2a1M5CDZJGMMr3utrn2oVM3ibiskjZqeYAyAwv83dn5D,703.722604
7oj8ct8BvX55hXFjfAzxj5Etn235BponoByNXkU5BCdf,699.799045
D424qoV8uLjwu8doYHeakU35YAUaAiCP66MT1wC2YMou,687.642337
8pWkdTJTTVdYAJNASWdr4A6SLRj4pNXRxRXvnddGMXt1,686.225767
AxZWqYSJC38nNUveeLE5PmL4uPYUKpQoCCRrRDWVRuZY,679.193291
H8sCr6FoemwaMsHKhWem6SB3MPNGS7sxfXLuxgG6YcKi,675.22952
1SAhNUbWxWRH3CGgkodpdGiv7uSYopfPrMHfUjMDc2N,672.643832
GNDWxMiKVQnGk4mXVPRpY6HeXH6qU2W8K5Vq6amzViDg,659.353013
RcqM1sa1V9vSUL8QDZ6jpYC1621U7Z9rPHV5mQhrEPo,628.603236
87eD7Wfc5qn3dejs3we88vCzs211JdDfW5bX23MeuEw9,616.594384
J3qJxwuiFMysHBCyJMgykUndBqA6Z1erKuR66nXPqmYu,580.284005
AcnskUDYFKQ3u2YT6Z6cF213MJFYUX8SjCTTjZ9XNgET,579.977821
5uTuXjASbWqoou9RdHDuTsiNPZyurez84XtPSTno2RQU,574.558037
Dan5DQQo9kqAps1XPL2aJQEifE7mUxCi7sU8c21n7VDm,571.961453
5dvBMtiAG4VAiaN411xki9VkdNSsjDPkC3QCZSpLJ5hY,521.318136
HHzYx7KrQhGwLeHkMFaLGKg287Kshvx5KMNstn4XGpQu,511.042429
GsTW7P7dgN52qYRcDYdCCEToPbJG4Sy74wDXq3TMys1U,505.010691
2SvcNaB3oV8n3qSMgmNPCGN2zf6mBydoFBpzjqC6JYXD,481.097879
pSBHbwowNHwDfmBaJVP7wkhtuwPqXHN6CsAHTGJwNwi,461.520775
6sJGvPqymtrffqvUCTndjmurmbs94gFBrqtAiBDgUx8S,459.585133
8pewxsVip6LYCnj9MPEuMrMqsqTooWsvhPMADmMBXsaH,448.980014
Apu1AfPehzZVkfLfqESngV3EwKDKJt65m9rtUZoAL2hC,429.598923
D11LfGmruiKraNB9BtPqb1ELEYnNtpsNDuft32wArYV3,383.233456
9jDgsdvW5597uBWT2QuJb2GkSZSpLTjkrcmjYBapXi9e,378.225117
GHjsKh7g4FmmESZPqcd1rFgL4i3G9ZBmsCthvRPvzm6k,370.442593
FY5hys2oTKTK43tobKL4EV3UDrUKrLC1kdcLeaZdumTx,324.280637
j1oeQoPeuEDmjvyMwBmCWexzCQup77kbKKxV59CnYbd,317.272514
2RGxdaYUiNvpr3jgYWpGYztzxAX412FMJMb6tHAnKvVy,311.296682
Dc6P7LrkzwMvjqcYbWrgi42KSnq9a9tUs4NVSRVgkSVL,290.351839
DPFq9tnMh36fTKwcy1SidBcJ5YbBAreFx5UQR4ETJC9K,282.797741
DicCKYqkhbfJYYMaEH82H5kpJ7nUu7vp4VLefZnTRfsU,272.772428
545FVmgaLeUeUUmygR73WGZcbqo4vsrjXcLZHJYpzcqs,262.666248
SxwJegg1Mxk3GkejVg3vfBaLPWNtsVfFk2B48eUogPn,261.49674
V56eAFt8Yq3787EpaPWjSBB4WCFo4WjbqgCopcGGDw3,247.814148
C6wiYKHdohD1evdfACkTmX39KXix5CRgsxxW8cnCHVBn,243.431362
93FZsokDJCk4APzRqvxz54nEZ3GezkCb8m8Xzbn8g8QD,243.34243
8CEe97W9f7kuChW8RvZaAnr7sE28aJ1kSxPbbWx5koZ7,195.563052
5B9cikLiGax1ziCgwx9zbVJLKFCq7AUKPiumx7q17u2y,177.612019
F2T5qVPPWiy4GBnTzoVCxyi38v5sNVhUsQCZf2zuTBrN,164.360261
eH87MURbfJKS1gdN7BCYMBjqFWLadPh1EGc7LAhgRG7,158.135454
6tKfwGUGAfHkR3eUKYYdBXd5XnprKu7P7rYQjMzbx1zZ,157.637699
9UC6N4sdDXpzTri41BjVxJwiBWR1RcVQw8oeydzgzpje,156.830528
BepFgQVG3s2wXeCrsmZWXbntzdnChpgpztGmFKp7n2PE,149.586945
9eSfSyZW2GSBGnWujNauw5HzRt7EoouVuhcvx4iYtEmt,148.914088
CwHFgfaUd4AiQqc9cGZF6gjnuWQnayDHp7dEam5DAtXf,146.721938
GxCij3riJw3t8kgs39fiUQZzG7HAiZBZLRFq734t5waf,136.536898
CWGQPqtYdECUH7Hip8nvwex5ps3abrQt8q1Nj6M5piY2,131.502563
55NQkFDwwW8noThkL9Rd5ngbgUU36fYZeos1k5ZwjGdn,130.6455
BzqCJkPUuyuKuGcNvCWBYMzgLGC5qCpFjau5QWhpqabG,129.641414
3KsXPhZJSKZQAz7eVytSHJn98vZwfEeUUtjpeHqHeiSE,127.789112
8PUAndwNSA2aqDZzi3foGyp8nMWpacqQwqQKAHKhRUma,123.64483
HvFdDWS3RqymRAVx1ZdoL2RjiC38r5dtt19Z8op5jqDK,116.304079
8M9BaKzrnRyZRyzA5TJibNZc7VStkP14siihGT6M1aAj,114.085328
AaN67Ku6ipr2YFowX2D5v9nuTCg3hCFJY1nVovpYxGox,100.697532
7eEGTEi2HvWtiJ2gKyCoj43NgazdyQZSmqxHHpoU6VRE,98.973806
96btEnqYLkd7eDgSF7oV4H4oHVpU7zjK9Hv5gVfzxUGQ,98.601161
55heq2FURTDBDuYwLQqo6YknHvuHsuAEGqU19fqR175H,96.76046
8aFCMZ3jNGzDfgDs4GcZ24tF3abTAdB4adaMfQHw4JeJ,88.995457
4ArcXZFrMRUQKRRp76A13R3CiHM7jifz4Ec3daFzxiHY,88.703233
FJ5rwMrNv8kbLyAs71ka5EGBCsD7D3i9bvksmyK9aMep,88.147239
7EFCfbER22seSccsX6AgogmZ6pzgyDpRmcb3tC1fpVwK,85.017017
HDKT1f4fFVew8pSierf6SmnEjz2QTf5H8TNpQEgfQjdy,83.999919
Cz1CgSPi4WTfznYkgbWQTz3Ygoe6MHiyW57tYaXs7TZh,81.142447
AfQ1oaudsGjvznX4JNEw671hi57JfWo4CWqhtkdgoVHU,81.070159
5krDfy8bREXJxy8Ef4jeJFcirC3529kHVefBC2pHkS6w,80.945481
5cUFinMsaAyq4JPxQMg33qp235jTXrC38Nmx3sNdb8Cy,80.837274
BJV1kxFeQKGBGkMiH1ammqFsWFrFdTYKbF1nEFw7Zs8D,75.641925
3h9Dho7vzFkZLVYAMzMc2qSXBV8XSJHLmi1ZRm3DzeiL,72.713014
FqMZGbkWzwLzMDzJZVyWLBCfSxgCzS2eWDnMVC3umpKn,71.926096
4RSjDRDPsvVa15MtQnBuxvJjJ3MX2KuPkdX7DHnNYHpx,68.941362
xBaZWtL5q1hU5oY5rAxH1JLP5zVaWZFS67RkLm195tY,68.773442
7LJz83msrGookqAXR2WgXXnoo17HhUMpZaPrZpKkhB8e,68.49764
DdUXcM1hQxATTdwHdQiq9zBhAeG1UKgHUHCvc4eQ7tXy,64.35644
BtN2iSZgv9dGQ3ZHvj8eThyvib6PqF12m4ysSyJhe5pB,63.651853
3ywv6J7TsdysnVBqsWuhj3Lp5gx4DGQBc2d4vg2rqRjU,61.847729
AMVXn8aF2ojSnkgjUvM5Fypq4oKJAgAcY1KGnc6JFHk2,56.218464
Gw8VGcgjYFGYQKynApNmg5gJeArxQnfzVShnN9mJoYSN,54.655957
23DZ8arReQDgBKQMkds9GJDaxfSX7SxuYLcPZDNUycyM,54.036669
pSwTTFE92RsRtvMCpb3mjruv5ww2KgBNVPscwdWwbxk,52.552899
5Y1dqVvYonqnjBD9gJDhQuoTqnyDLobZMVeecU21Tgt7,51.877439
9hNkoCCZzzYJehT9o8pcCkmB1Er9BZxBSb9yGizytbyg,51.73792
HV4gyDox3YaihuiA5ZpFCJeMvBSQaNMN9pJHtJdUQgqj,51.639858
6brJ6k8BMH7kK5rxWUSXoYAKyP3uiE8WEH8nrH11eyvs,51.167075
9aG3HqiS2H7ZWXPRDmtwM2CwCRstDRRgjP25yh287irZ,50.493445
Enk2qnKC8cMgb8yd3Ta8msErn34ic73TQ1L8LWDVZBKm,47.459003
6EEj2P8GJQskbp55BNruxe7bE85oZRi8mgLGANVaVQTu,46.949232
ggCFAS61n6c41Yubyy7X8jbPuT4t7AdVQaWtZ8ZSZDq,39.551445
GkCBjZtbtmXpDWjfCvTBAS6v9YTdGRvvYH11J3KN5vgo,38.792819
fpYyQYUCAEHJsJVGWN88v66dp4cfF9ZV1w44aniPpWY,38.364358
8pY1AukbuPgUE3EetyLa59rFLMimJGT94ZzbMEZcQF4w,38.06073
Cw9jqxbKBN9FUF6v7JKWum2ZpYR11g63q6RPpdyDvwzj,37.893701
FiMdDtwvRkeBWkbojs2QuD4W62NaiLTTxsxwXY5T2PjB,37.786245
4Xjb1sJQ6ex5TJ87PKPeTBUwzXHLaUHNtZWpUGEwr2tT,34.109334
FCmSdZHzUMPvz7tC8dR7gs2tEuAQdYrbpbRYAVYDKHoq,33.693349
KnHzD6nVeS94RugjUWTpy2XQpmiCYf7cqQ9K9MDEKEt,31.11567
AAVc1xh1TsBE5EayRxNbQ5qkCPXSvxCVkC3bJqsyW7pt,29.110434
9dzuyR2G26a3tZegyqRMhAsfr45Q8Um6QoB5WxtxgcxE,29.066539
DdWKuCHCTN4qM6QfEWEqkPxCR8YKM6D3uBopG2yzw7hH,28.888466
3Nuvog5xq1H1DV5WDwfgrnBY2QHG8FrnxF99dUjfgZye,28.383283
5Yeu76HqXeUmNTgU37StBMLZbh41kiXBJeFaHSoa54bf,25.98188
4K3a2ucXiGvuMJMPNneRDyzmNp6i4RdzXJmBdWwGwPEh,24.591107
2HUrT1QUisYaWJifrBdQLVFBDZqHjZQuiiU92VKg9xZp,23.318772
7CxoPDddqBqnbhrwys7ZuNxg6ypbgYsxzGPDqjJGE8d6,18.019025
4SGXDJncbYNjB6GszDzHyU1n4R2EAJWEk8SANiUYvtn2,17.569147
7JQeyNK55fkUPUmEotupBFpiBGpgEQYLe8Ht1VdSfxcP,17.391304
5NKS6doPMtDsKCRAD8PvHA63JjarMxR6gWgEj4Aztb81,17.326234
CFzRhhvqpXGdESRajMd9xdQoodjS43U1qThnjrMZRNmi,16.742475
41yMqeKvhhrmentxep8YvggH4U2iGhpUS5d2Y2CJyMo9,15.917023
8zHZQpZtWgqf6G3r3R4cJEkhc1VsMAYCD75Sf3gw8u13,14.300411
55UXSdttVnKfPnCEVSRa3FdNrWcEUDDQKbwDeBhFU9C6,13.956065
B1Y18vQ78vHZnPLDZqeGiZJGJVLRrQBbzcgihttYpiPp,12.622143
3csAPrkrpYZ2sLBULrUmhmE4akJqUyuE5aHVsLPb1mx4,10.560643
8sRsrJ9MUHkgTUrJ9nEKExBq38KJjkwpRqE7Vjkjeh48,9.307359
9VVic7uxF81rN83hVV6TTVf39DZ3rH5D8P5SqMLMMFb1,9.271316
Ao5bLHGmE9MMKib1fni7hVs3jfk7UzmQopxxLp4sLrzg,8.201677
4Mmo6JJRhE9weEpFYPUhLsksPQBqjFScFrtT3mLxeRN9,8.166531
ALsVCB9NQK2R79msTcsoeF4RMjuyrAmSVajVRdoq1CFT,8.052654
9Bd7Z9nXKZk2zyt1bc6ZJoBMgum4bDfefVFNHz5fut2f,7.686737
AAQ1Lyxxzkxg4P6r6Z872x7J4j2t7Ck5KGoTGr32SYZc,7.435056
DpAcMB1seyeHTfoUFfiXqRMcjLxsU6HK595kjeA9Nu5p,7.378275
ganQiVEWY82vjXSyVgR1eH5UMbSMMyPNyBiTfc4DLMM,6.742508
36nWszWtjg6t5qn1JSG5yk1CpLK8J8QfQPvE9aRV1gh3,6.699505
4CLd8rJ9wmWbBDFDmg68wMTBaq6BJuDeCi5HYqPucEmo,5.934866
HTXnpdKviXH4mo9NYrYBrt7HEXjeoKwz4Ks9wKj1mm7E,5.586467
84aNhA4TrrtF27UHmQNYzxuoDC1L3WPrzxTKjkq1WNng,5.58135
8L2y55D11k63CAftvW7uMM2mBhtMxLoLnivG9uY2bt8j,5.235569
DabuiHKtnSGnNZZatNJucEgUXeo4EjKcjwvxkS4D11KL,5.196065
FpnaCALMCuBdFap2XH6LoDUqG95xVZ5BRDXc4rHVYCig,4.259522
EfHhoyb6DLD9bSk1A3erhVrXa3mQUgR8KeeGMf3gmSK6,4.112357
9r7hAx69YUNpspGSAJzSAoqswznMgWSFgHx31do9LhMU,3.638977
A3Exch1RER2T58qf55wp7WBNCy2F6hP9WkYZJtWFCEYy,3.145027
3ZRi4LpBS8uvHMoQ4hpPYznhVEN7Xd3hVHNfCn2RaeyB,2.709789
GVyKLC54cRvdEy3vjBPL9GDypG2jd7mHepZB9MGxZzQj,2.407969
ATuhk8LhzQAfpBNeRwEiKgFJ7CgwG1aXuTN8ATC58ZEs,2.233618
Bf8cSGfCrUtKWfoWtFn2GWLdFjqKAFad2vp5zvmTsLMg,1.858628
F7p3dFrjRTbtRp8FRF6qHLomXbKRBzpvBLjtQcfcgmNe,1.842669
2EGsAqCvYZX1x8RNAb7NLY4TVyhaNED8c8EnkXPV89wV,1.83814
4GqCe8pPQvjcwG5iAmD4KferBpnP2d3NTtJckoHUNRcj,1.816294
3GTcVUTrmQJ5QjcvJdAVQjarRfpXFpxyv3eB9LRpW9Ef,1.815087
4TeyqeLGBcmrH61AP5SniBswHhVfwLhTzC2pnu7S1MWM,1.772626
HmnoD2K1A4J6g8cYPuo3pZoMzx96qRqvxCJmfL26Airx,1.771287
7HmpYuHQzRTcN6eoWVckNC4ZKVGWF33tnoakJ4xPXA8e,1.768574
9bdSQtj1UMH3b7cTs3t2zdA2wDk7nBohi8kQnyyWhvsg,1.648297
LvjCuiYEvNiHiXNAMUPUDbuCrmaMTUyubLypXwn22Fm,1.434021
8zrTW7r6ALNp1WYyVB2ML3cE2TEvf7LsSgbcAoKm8KxP,1.34613
XwAWjzaYAguTifNUf7YEuQBNGBEqQ4wmvrKB1sr4cHy,1.323301
GGztQqQ6pCPaJQnNpXBgELr5cs3WwDakRbh1iEMzjgSJ,1.270094
FdJd8omNUtqiR1b1NtDHuj4WhjGMyCjpXEuGmZAgJx8K,1.19289
5tqMqoPu7129fsRHfFAKwxVMbQtuFdzFsm5ddkkEmx8D,1.108073
FhVo3mqL8PW5pH5U2CN4XE33DokiyZnUwuGpH2hmHLuM,0.999731
6CNLBPFxFeqe9gf75bKjidCKBHzwbpKhyp1f2R4Jc2Xc,0.973026
8itLYeq3XPy53t7SU7S9Jn2A1jNcf1Csb5vLa8uxARXf,0.933002
3mU3R4E3vJFkAQ3LRyfFNCH5ue4kpMTnaqNmKhpQwTE4,0.91435
Fjt6u4JW4veyikb8oy491WTPpeeEzpdQsgkb8EYxfMoH,0.869475
4qeDmKoDDNNcXvQae58zaeatJj9YtCjTujK9S7nCruaR,0.860848
APUL6mYYv8ok3vAxssgdF7Nd4m2MF3jyTgiZm8iQEbxj,0.815025
CtAaBG7qvisEA884ouEnCmPiC1gy35cCi6FFNsaB65Wf,0.79343
5UYuaYeGGyHzeDxKmFsNuKxe4ysgVYUooiBmoHiza1dq,0.770779
FpDW1odCeW6jhqafk22jY7XajX3bahfiGhoYYXH53GsG,0.662134
7zujqoQsFic14ncDYhBSVGvDnqc94rE49c1ZJCHvAtiW,0.588211
3bv1ChH4M3NSYtXuCc5Rk13wGbAHnv42e9bGdfHzhed3,0.568048
GvFz1LLS1KFBx8Errr6omLHyMbDueEvNyqDN1y7kymm6,0.5
ASPrJpTBiu5P9FSxPueYkd6znba4Dpz7t8D7tgYRb9E1,0.40077
AQ3MK4mf4i4r3G9rkbAvfoxGP6eZ7yscuiy5Syyuq27U,0.330758
DdvUyfiu3c9kFcovNMzymMwaJZG8YSR64aW7zRVEpkKC,0.180322
2MSUzqLFVHBhNMrTobyeaumDnCoHuMLHtnzGf4RXB6wz,0.178974
89vuY7vy9vrVvWV1tSDuPkiSZ4FbRgtZdRix1XbAATsF,0.177689
8AfYMmbC6YAyNLA5ENiWDWAkVepnPhPh5rXXZFsgGpV7,0.16991
9EsrZj1nCioGtc7ruwu9PEGEXPTuf83kGZCntnPN4K8j,0.168491
GQEZDiygN1Ric4po2zCSs42kfr6SeBL6Pz1G4DENVWyA,0.156007
94rdnkF8EnkMnvQRygkv4iT2H66QTm6DZndtngZK7vEx,0.150523
EEDh5YwaF5UT25XFB631KTsNpcX3kVoHh6p2hZTareet,0.148745
6fn8LJ19v8ZA251mJTHpngbeBiHQ3BCNZmdnotx3rQw7,0.148211
JD8kdMZjYpzn5wPFkmforcM7YmLZEf85ZH9escXFqwsC,0.146473
Bk5LybxWHWhtmdQ4mZj9Lw6sp1Wszhn9k8fFBSqKUkHX,0.145808
9f1guDY7uDUW3Vqmq6KPN3ndc6WiVo8p8Dmo3VWViYV9,0.133992
DoVRDyYEvnfuwS3QZ35dYFiU8vVghTKnfAfgPzt4NjSN,0.12514
J7GR6XoJfCPwZumW9xZ1nbWkyaq1oYSQuSVmCdBTx6Nf,0.072023
216pQmpDec6Vw96Ydtqu3gopbbmZsWd2sih4qXPYoaGR,0.071533
HoFcvRPsgCcqNmG9Puiqz5ucRRBMUVzYth5MMY4xqa6x,0.06165
4erFcFrAxA8EG355ZodXdrqZzxoB3qAszekGfSLmrbmW,0.052502
25zVKLVaaAZMwAKzRWyuxp6gRfsVhQEMdxfefAKqnVzr,0.05
5RFniC9J9ZnUraHvARmLbqyuz4qCbTQ1qXvqqXB2Mvy5,0.033614
C882fbmUpoBuYjwzcbhoqyfbVJvZPx4hah4drrwQ3KQ3,0.027328
65iQW99CrxmmBT4G28LpQPSqEm4KiqCSL49XwdaTwNf7,0.023385
2X3MciZU5Shc7cujUtb9ohyxtKJbnPwQnUPnwx7tso2t,0.017754
2dEMV9PsJGgWNDvqzc4oLzjUV57LNiqdcYzFGphnjDfu,0.016833
9WLxD3H7MSrYvTtT28tgWDBiqmiJL9viq2SbUoSTBbPP,0.014262
C5aTHzs4tLFGLnFC8Sd1Ntyb8D744WDf3n2qJbxQpbE7,0.010861
2JQcxmoLME4kzXLLy96URiDAMVfvS1b6iLmXVM2hiRHc,0.010839
FizZ7cHkb9GZmpMM9UoGGJupi6NbnFnn1TtmDsvxXcLV,0.005718
7giA1zjG42mkWtRsBA7oE4V1Afu32a8jz4DB654YNom6,0.003838
CTBAS56r9YtwY2ahfPUFTfyBBe4Nj3WzYJmCqevu9Lyo,0.003734
13qcF12UPBy65wnYes2Eh5mjcyznyxbkgHS2ssg5JJ5S,0.002954
9ss9fyVNxveVRzc3xL12cgLLxeFZELPvPYYZsdaTMaTA,0.002287
8KcV6iC9LkoHddLWLzUtPcnL7ASpW3UBGdi79e1QPx9n,0.002164
FAW5Eo5WSsXcvwKcg2c51jq4VexCHZbCwLMumwdR7Ze,0.002
CT8q6CuBuxej1ztvGCRb3dEoyfdfaS3RBcizUdFCuRhB,0.001947
3sQHjHaYX2W2xK3cgdCvUg2VzXKuoXAwugdz9U1h2oS4,0.001686
9aLFTaA5J6H1knWq6HSkWPo92J2yHfkePVEkZ1nHKcX7,0.001338
eut82EM5LKY7tTPqmWRaZqY5Tvsj5p4v4Vv9jv2qw18,0.000764
BDfWUTnJ4SnNX6jfPgtAAnyzkANSSnwZKkxCSdvtn5iR,0.000686
GEY7wRBG1L6YNm3p1LgUDVmNmNcR1n3zthJmQGr6kHTd,0.000624
7Jw9CADBTdqQUR3xRrrKHygAiHXfScFHN5D6rwiUDsHh,0.00042
joKX6SYGXxfajQG2VbyVjnXpFprUwyELeSAFcNcqkhH,0.000397
9zLYYeKpQPSGZ8KiftQJR2xUafPF6x1UHCyef3i6ezPh,0.000385
GdzZBHinrwmKHYZ8MSryP6yXbckYUX6fqXbTY4Tdu9ma,0.000322
EgJUNskyQ3JMdvLu9eCmbSuA62NsfQkSksVsYhz1A3JF,0.000232
7imnGYfCovXjMWKdbQvETFVMe72MQDX4S5zW4GFxMJME,0.000151
6qp2cDjzULdGJWyRkvUSgvVQtqw9m31k5SH6sfJgCZiE,8.2e-05
FpXPFeCSp43SeppuPw76CsLZXvXKhaXqUEWpw9Eh4AD8,8e-05
HF5gMyAZz7nHff4N58oBqVzPJefmmVeqwam5ng9dTDfo,7.8e-05
3bEBfWdNm1bax4pxuShfT2UMWmfksG7UMjqukb7rw2og,7.7e-05
DU8tVzJaJp5AEyEvZBEub7wE5cjU4mryqQ75YZ9xNJ3i,6e-05
G4gtyXenVnrdhxkFr7sk3gtxCPVaUYqZrVDtvGFVMUok,4.6e-05
4vAqkstzmguHUHPCXBfsR1TYbdfdzbEom4tQiGpqgZbM,3.6e-05
2MKB7f8YQyjNjcvuz3uVNcFcj6Q1DE5EqQyPGszBFhcn,3.1e-05
2Lx3GV1cDyj3WzuPyFgqvdR3bEozzc9m36hsDiiwFjLL,2.9e-05
BmWdi2H2BAnthAWuSTdrhxzS8UU54cKoGLL7gQhmEuc1,2.5e-05
E3kUpc5XRAxhjPyP8wQNQ4qQ1W1bX5pLP2crgftbMhva,2e-05
EjWBrhPapQzjKtNkCXg2j62wfqHpaF9zQYYPgJcBEGam,1.4e-05
EtFC8XjDTNWdTcdoQMepbm3gcZDBWwNGLrCTApVSnk7x,9e-06
7ZQ5jCk8zrLAbvCwREB6kMv3zivr6hV4RTZAJnjkVic2,9e-06
2fge3gEChrur8F7NLxQu3UrxZ8zJ7QQKB7fFUsuqCS6m,9e-06
5ozUU8Xq3ZertbNKbvya7MoFUkUkJDSGApYWhJ9cy92L,9e-06
GY2adZMQR6AjCYUphV2wXiMxqLsxC1xtxhrCRr3Qswdh,9e-06
STEkYz734DZpGgYmRFbGZxXohfE7gGx3bGBRqA8n8Wr,9e-06
B4HRhktdeZok29WGnEozrXNCMddZSqPiGsQfBXD1t2BE,9e-06
97MdbGvyubiZsR21EAxF6CgmAzjCPpXtKuqHec2PonSx,9e-06
3AiSHyuKRqBgDv9J3uk5bm5TTSaYzkPCdoay85qAwqPv,9e-06
3mXWhwgbKs1Ysv6jLL9RyG9k5AnTMdd24Dyu4uknPhgw,8e-06
CYVS2h3HK48eP2LbtiNPfvByg25guETcj2meWS31yumW,8e-06
9t9CaBWM12ksJPKRPZCopH6mLm7RCDSnWeWSrmkm3QER,8e-06
HdARjHjWmYjRZjibGP6X77dt9ofpr6h8mZxXM4Swix3L,8e-06
3vQkEH4TvC7CUaGX8AWDGJuNAVHReXVQxqd4KUSbEPQR,8e-06
a8jFGP9Ttffd1qGf3h4QmxJGnXAB3SeoHnLEggmDynt,8e-06
AvsmoEKfXDvwpVbNaxTk3NP2smMdjJjvEFD5QLFckGxP,8e-06
3V9PTM2TTXgrLGTtTXTXytWQMgCu22LfQJnkzi8vy3Rm,7e-06
BcEarcAEeJ6QACF98qwYCTHUEDMNTZirmP33ihfZKS8r,7e-06
F2VHcbR21DnGoYq8kF5FsM6FZxdHSmsFuBCq5WcN2xHL,6e-06
D25syd8toy8sK8gTDEnLMjUSzMsXrK7v7jewtxmN6VTr,6e-06
431xet9CSscJ4fuDDPchTotNpMxu6xTUC4zku8YzkEjW,6e-06
A2sxZM7nGUdD3DPVwV2WJo7edYxgFovmQba2wzyESyNs,6e-06
8LFaoKkYyPK4EoREoCjcxvRDnQpq9YCCeBCT1adbyjkq,6e-06
22599ntevwVJqEUzj2aHGuYRQrsroPixGNSLyhMSioKa,6e-06
AVjT9sJb4DeZskA59AcHWTdCg5gNnh8wsGxwEMNXxDw5,6e-06
H6vxkdrgPfTe1e1GuR8LAQbEcKkR7ozJv27VX5AJzWFz,5e-06
BFroFhJe8H6ftLyDCjJWmVMgXA7UU71bzcCaZUxs4EdA,5e-06
5xUSqaMhucTsgMwhh5Em1NQQEeoytZ7YMR62TJQFouTG,5e-06
GQsuqPuMSFHxNNhp6xDYZr3WcCTQRhSo3rcJdVC8XzdQ,5e-06
J4XH1chYb4urG1FWx4pid4XqdAMJPvX3wHxib8RsFyW8,5e-06
5WfW7eoZ8AVjjBFb1qUh3YefnEyMjx5doZjMmSTQzbZE,5e-06
GhxndHo7UJueQLgwKi9Aq774TDfiZZFGggsWhMbBcCgW,5e-06
D1Cm1fgNjcVYFPjPgRVJFz53TTUQaKKvPiv17EXvsR9k,5e-06
63zqqa6scxxBtvGh9gxM4RuJm7EK3wgHbmm6AzRdbuGX,5e-06
239VDRMXmwKo6NejX3vqWcu9gDcYXrXQ3ux5bPyVtV4j,4e-06
FmiaUkgrUGPh1ug4koxrbcyezoLrvawEueNkGjRu3i4C,4e-06
6WWKuShSgrpnuEMGU7fGJBGrB9xcoe6G2jeGzbZPaGLc,4e-06
hNkLGMmrrTxjVsvjPtZZxLbE3eUsvomaMqoM5UbQuzA,4e-06
2BCUKqBShUopEF2iAcdnAWkxNhxBhUvNL8Rd87KHaYUX,4e-06
BQrvnTSGksaXeCTzthMzskZoJUVATQwtwPsGuP21Gxiq,4e-06
GbwBFmge1HaJvDudCtYFrXX6Cp5Y3gmY4NhWq23M4VSb,4e-06
GgK66bvFgagfqeLD2dZpU7JWPJeq2gVGDX8Qt6HTieMS,4e-06
GneHA921iYLMFHPD77HGCyD4URahJKtc8LqavNM9iSNY,4e-06
2VE8GZn446yKFNvXtAa5h7PEQDYVHrNqkdMa6s6kKN5m,4e-06
GzekLZxxZfdhGhBqdTdyFTSPAuoNSnuPpGvRsKwcV5gz,3e-06
8m5DczCGMU75BHNUutD9nngJyrrMyRu47ibizJnH2iBj,3e-06
9w75t4aKeSZvNYmUKgxHwmAaq6VvHxEjxkg5fchpmwwS,3e-06
DWyUsAuHX9whS1Wmm4STieWCtozj2y4WVcaWdD2PXW4t,3e-06
Atv7HUcGCe4PoWJyavg3Rf3EARvEB8APrxjqSSuvru7K,3e-06
9KWuDhNTKStnXtS8oQW3wp4ucrfTvnKM3fh4GoPZfFXS,3e-06
8yTxNuLKoUb6dPYpQU7zQ7XtP4pqKrRLzQbYuUgdbGff,3e-06
6tyu2eZtWbp81TZBZAa3WGfBTt1ZWugvAcG3tjgfDhe,3e-06
3yuP1AvkN6ajg4BUpvmwvjA7Co1NJ9e5u22a6hZk71Ld,3e-06
FPsXi7wRzrJFT4EaTH9stDg98hmQPZAXwABD33ZFioFA,2e-06
Gk9A21pUg6A8iF2Gdwqzf7JeeKatv2gADFPTzQzb6KAP,2e-06
4gRYPg5AqAohCBjWAvFt6K6AP1LkXaG71o8spt5DfEZZ,2e-06
9AfGiPGcgsxLYay1Jb4EKV5Fmd1bmvFCbrnEaHygJoeZ,2e-06
Hw9EZ9CxrosAis6aP7xrqGhBV5jFJG7mbrnNXbWShdyJ,2e-06
4ZLfcKf7FMNDfapCxATcRQ8G8YDo5imyjpbXaCSgyyG2,1e-06
BEuLCDKa6SMq6S8zn9nVVGiHEK6DeRKb8xDP9LKShfC4,1e-06
4nQ5rYrt1ngwBXcR4mcyFi1gz7SxaeeSPrAe2yP2CqFj,1e-06
73MWS6U1RtepHbbNprhLbKiLaLHjezwpokKE2YbH6Sjg,1e-06
9pNCAa2mBnmY5sAi14AniVUDGxCqc9J9FqQ59dU6oRPu,1e-06
99CE8noARKJxdLiRbof1kontc9cKREGdPfmHmb3sVwca,1e-06
DVyN3VBNwMEUpGvQVweWxfmmcKNxZ8eveUjCPDS6vsvK,1e-06
BKRjg7X9pjZBkzWKxHupteRBRybCJEgsvrRQpTYPGfAM,1e-06
4ojKaFmt6FSddPYGUF8hsMxJNMhZ9QR8F68tfve865Xo,1e-06
AdMHm6PefFuofCUBbSdfK8tCpVeAKw7eiEjZFTEJ1W1h,23583714.528415
DPkKDMUcejSw9ujysGFciE5FLzMXQQeWEXPmtCo7fknX,21699433.519444
Ap7PwWv6KavdzuPRvatMfciaZxoLx4Eb7gzgGUMwQb8k,12352941.862324
A4Ev1JSqT7GBkPVkPJCvs7cYsdMvd9P9YcF68DfXThWH,2336195.604926
3uBRU7wqnskWUohpgLPhcyRoCKjALHb1LrYd4SXEduNU,2283488.087515
BQR7HkYWEiWT3pz72rmJsBtbgnVFEFbafxzpUgcUncNp,2213874.724791
HyeBAKwaKBsW5sw7C4XsmcE8BojRt2Tds27EekHwePsf,2213379.815532
6py5S6qeL8X2QZtA2zchuDjBCPazv6eWQwHeL1eQPzQL,1959586.494468
4SYVNSMgTVZy7SjAQZ5UKvtZBxNkR6dtaMoZy5bdeTbA,1521164.632287
FX6HXThci5NwyxfK68bJGJR1dcQSpPx4yQJ7xLibQqoT,1514364.25623
EduDp3RRTWLY1Pq5TWGoPKxf6ZvfonFQhCUAXwiiYGra,1439211.579056
71FwSZGCGBMuMKZV2DfLho37VSQHuLjv3wY3bYyXUCPw,1359491.054279
3hwBuZeEnY8oLiVdT27a8XgzGy97LHxEZeF1KWxN7mjw,1259577.847985
HnEyCupViTJptMcQ7pVmQ2TSYUXzsrjnNFgK9Cd84fYi,1100559.981029
BVET9wYzqNFeC3SYG7kkesp9ng1naCNtVxMJNEdCfzDz,1066018.864969
ACDFEzh9zdzV69DFBH4DZNM3eV32sfeavH7HWEnJGzaY,1061337.124048
4UoKMKUgDCrPP6ghvfx7obkU6oDSDz2vr8bMoL9EDEAN,954432.434783
HKSHm3DjhgAKcWck1XBEqeMB834M5t3jZBYHbMhatzVq,931197.514202
AoyjnNFaLnBjqKwnJzMHAuFKpkGh2cE13TKpkwbtpbXu,919065.721243
4MUBErSgBWXY3htkjSFQZf2pP85As7ee4uzZ3xmygjMB,874274.235037
6XTsjmxH7Hn2HiZC3L4x662Tym7T12H9oB1zzqvKRTFb,793625.736027
CBPfaufG8PCbB9koWYace4apYS9Xr5Ev5bp2QE7gYCFv,752682.952464
DrtyAePim97HNjiveRVgcvScAEM9FTb7jWpUFMG1LRSv,746416.009046
8RgZ25M4k6UyuUcmDmZduLYmAfRRMZMevyzMeiRWPJHK,727754.033977
9iXC8UchGo3dYWr5gRxJan983vAw3qTSbh7amjNT64bb,724309.66349
51HNoicbZBMMBxuHGMKrXh13j7tPorxXaA4C22Kmxtcr,718273.839911
3YR1tLkA3CTjAdqBro7McxJ3bTxuz3VFPd2tX1Xri6BB,694147.846707
8WhCKMCPXeRdNxTJadYBxVocqSnvENC2nt9ynB2ogy4h,688755.239848
6kE7rmzofEprhiaBhXhTYkaaVCA9v483UNvG3TihEudL,667821.439494
B8veqDezZbGQYopvqs4BxaTY3XZmoZGSu1yL3McRHMbt,643676.034361
5XNU9dgXmmBRVN2ob84XTmfjycUfLjFJZJUx8wJrbUkg,577541.199615
DyuF8LqBFmG5m5wxbuaKSHxYBXdFvc3sNcjHCuJH5yYd,553306.455047
45ivqRQL8kdAg8ZeTsJpnxLLfqny1y62CiL7JUYZLCsZ,547023.390462
BfmRHE2X3XTSfddRRE5GrDH2ybDPB7WYhAktHNbMYpLA,535516.56316
7QKHgjgLBpuWETT6ZRJEBy4e5rnNfcrJJQ5j993Cbhn2,430677.294026
Gh2Ciwn7TDvDm8AiZo4FsFnjk978t11QGCYhm2AzsK9o,417802.68311
6PVBbxAyw1x7y1X6QPD64L71maFTUtggD8ncSBdWhAz3,414567.455925
7BdDgPdhnQrJM4niRbJ8zpo94usQp25BVra74oHDijtp,372225.014674
AX98mrsbHePi4rxZBzkcQ5fZSUoKiuuAT15ZcZDiAznH,327031.329997
AB2uv5M8DjUU8Wo8m9hREx6QFRKXc8nNUsLyKbhVzpxH,311441.810729
DbeMDEu3mPRMqmsatxB7ywQxxtDjKPZ5NE9fRsa1BHpE,310832.220986
7jZfomH3MGgvZUi5PDq6sSeVq3FzxXTPPwK4mNp93LjK,283840.72765
2GwPxgcnnzwUMdYau6LK5E28seobtBw4qnTAyhSSdmt9,267366.994477
HB8VNLx4T8iBZZosiahHyMEMmeviVHoJ7A9RMn1mFHij,264186.244381
9Cn33TjgPSpjPCqUYKzNjEQUm51y3viqL7u7bxsrCTph,242090.618188
8LtWDKFkFViwm4eNZV7jv889hSXSxKYdzs2c6gYj48RD,237683.505824
4H7BodDun7ucJkDZFjYn8vVB8hLLw36McKtRJ9dQcJ53,233286.946906
JaEjKvcUdft4NuZe7bxQw6qKefMLFQAZNkZfdrxHq83,225000.0
266z7adWhbrbNccnc6z2txM3Xbr7vxZMthhWyEDn2Q26,195963.450554
82V1uYjoSp6nRqTF48A8SumKghUptt2aLjt2LUzirXSg,191858.57954
A6sgSXLtjvoFgoPBPXZFBJJdM4gCz3eTTnhtW26oeLKN,183614.226463
4jVLqFxuGBb3RK8vwMxbn4n3sSCPS7noextdhBwbDVpV,176830.445128
Fo9bdPGZooSBHwp6jGSzReMb7CjE8nvcXKzNCx6h3TZQ,164609.193896
Ea5dG1hwAdLuNk3Xryb2SWYYVWbBuUY3qbhqDgGqw3jz,151590.102197
A5epDQgyJApNwtdedNigoyS3WBrqV6tq9PJb4iWQ54FK,140000.0
6UnWB62sf4BYnwJkordQp7RH9geTSqa4uEXLGzqp8TrU,140000.0
5c1UWQDHmCdcfVdXhKYPSuzr8b8spA6XV9vL5mGRefrj,133303.32235
CkgpXtEyZCRF5aRZQMaB8AGXtnCcfxbL1qNkEjWuetNd,116168.780176
Dc41pW7u5zHQdJyLA1ZH1VvKkGTGryebHg3bh3gEKKpF,115166.508835
EJsG6ywPoDG3yChg5kXHXUWaefNuDgytwKSsFmMyWxmT,100000.0
5rjoNSFB8vTQccYi81R9MK9LdYrTgnaFxpwFFL2vwHXe,84220.000402
bP5CLvjoLRLhKjhtP1WZgG7bAcMEj1eckh8HwDFXCPf,83707.484847
6t6JCRitxPYDG6UZm41Sz1UNWozYHcKuyKEdNiFJhBpD,81877.961861
FeRNb8t8VyuwtXpoDrhVm6bwNZxdzmKaKXerSL4kKJck,74941.631772
2XzTjtUZaf5a1syi6H5gshTAatLqaSMpuYE7Q9VXmTE3,74735.867677
65iwEbSCvm6h2aMAk6XRzZgs5NNNbZzM1GpmL3W32d2k,74625.481072
7hz7HjB5hVRa6NUv6XoxmaRMCzhDiDD9uGGmXRF3TDS2,73519.633189
F4DdJJUBJaGfD4huyYX3VSSdZZP7p9erYR8hnvMN9fjW,70000.0
FidZFGH6udgG8K75edT9uEe3sYEkXMkFz8nPG7BkUtSz,68448.163501
BUerV6p8Syo2hjGQn5tPaaE7dRSFMGfYmtjoAYkriLd3,65009.437979
4LT1rWp5LjhHAjQDcVMnQUDZhjk4J1u67EBjs5kXxtBc,61461.298168
342yLwK9aU5AF1DjqCgTdH4jf3nogTZHn6j1nFC94Zbe,56232.073377
BAp4jY6AriGQP2hwiEzbNrcr5t7ah1CDGyHNAzznBq3j,52764.036596
5SfKUo6hJaaHFfcJAUHEvheXo6qfvjsaS2A3vxecnYLf,50937.021963
D9wgJZfs2fW1BQUvKBmtB3JsZdzf6uPeka8FU6Haprx2,50518.465373
3RoapatQKD1dpmRxCW25nNCmaWnu48NKBhQJjJcSSzZn,49432.957241
7giQBqYV6YTtkCaeXmdCvTxtSNEb3852u4XGP1BLFW5i,46729.579609
7zHfH2CdSvp9RGQhhwmrYMADyVw3SXRnPfYZcTJDAxWv,45416.017481
CzMTTihyJzb7WT3MiAB5wTjmfv3nW5foEjkHeqNLg2eC,44235.242449
FTCXHxoUMMfdHZ4xgk2izbZ38onYbyfAHuM7WDqhNW2G,43006.660073
EXuXEZY44sN3ou6VTcBkpzPw8r6zcBFJxmPHJh5ATGno,41144.808631
5Z7wUTB2x3miPtDzamF7EdxRCkUscczinBSotuy8yUfW,41086.40685
JDkjjzTKYVa7WekeAFNsEDWZC6jLQ75MiJxWLxhoGtD9,40761.416768
HpgdC9Eu8ynjLGFP787m9tu9Fag6qZadMf9ozfbseLsF,38592.10517
DA31LgcaCvUKWmd2w15GnnxJuRjEGN8QPc7Vz1NYBQfM,38034.310506
8khKpE8wNqrN2QeCA9uEAVTSLwDkLmsBMnV7MwhytVCG,31244.940938
C3F5kXxR3AN7yZPGd9mp8tHrbgdDv88zJHAKPL5yheGt,29896.392628
5ny9fF4b4AtuixVV6oeU76fi56jT5jnJ4thb4nspvrhi,27836.318853
B1ocqeYGGYK8GMEXzmwqm9cX5TswitkQ5WT8R3xJWPq4,27580.769797
7jxJejFnX5WPvABdD8USmVoAE5Q2BKa7MVfPNMC172QU,26823.563023
7XRF39uBWDs7Rqx4tjGRFbRRo1zrSxZBzL11nbCCGZsd,24681.6656
6RBBKmm1kKTLNmFCmBpJ4cpBQ6Xf6Ad3gyE4tmkDJ8wi,24597.948778
Eu3iHGa2yqhZK1DCG3DASTG58wPErjF82JpWK3c8QYR3,24461.806336
2zSejxzCb2VXH8bgvf4NhTj45SvN2QrUkrnKk1bkycF9,23483.537694
Ed6QnnFXEbHi4YYu4imv6nR6UigS1Q8vLLgYwJ4TE3NM,23332.506323
9d7aBj27TbZFtDayhcgXGDwkKStEN2cJunsGnkDNtBnW,22448.170335
YxBTDA1egX9Ngn7W4YivduH6vZ56P8ojHtg1qfaeHcq,20430.653051
GHhhRG8efySU3FTwNeyCqppaqvJ8opXbUmPUJsrKzaTR,20369.823116
8pLtrZvUp64eBn1ixjFWdftxPi8JThfK8YpRWpi9gbDZ,20083.882415
A8ZdAqwB7gs8KRBnSjFa8dYv6mFD3yGJZQm28oHGDQJS,20056.169832
GAG3Cd7YvpH33N9PSVbxdJVJAfwiRpCEg95bMtwArABd,18884.796877
3rk7u5fLDGCQCwjy6nmUTSRqhSBGNRdxFGybzaHH9GUh,18118.911561
39iLZghLFBrtZp8TR7FaqgjtyPZicQbKEGF6K8akAfRL,18059.535886
HVAcDinHtpAqhL4thFc3NN864nbz8cvpTEGztNhtgwLK,16479.17668
72jczfcMtFjuYq77kyUPGMQuJMxfaLeFR18HWQpn3eQQ,16209.261127
DDoAsBCRcvPHfWGZ21jXxwo2hGB1peQ2JKy4B5sPtS2S,15994.296987
B6ucDSaQjnbp7HeoheB444GihYL8UAhkw6PCTcGJYLBG,15794.934613
7zDgko8zqducexXt1ceVxCKU9HBknuUzKPMbHweFv1ky,14648.300812
3muYHbnD1Wz2Trem5ggnWaoM5SQnvnjTC45cJqE2CmSm,13238.560452
CWtZVqpr3ENJ47569MGvnp6i9UnSKhwgw9Ut1hLBqA8B,12462.397271
CFVvBZvD8JjTtMoJhVwgxfVRaNXtLYSgL6DLgKHF5F5j,12453.523803
HsSYZYHFgvcdsvkTPVAitUXyRKGAqG3vKzeLBumcjY3i,12393.10225
6axHNGTUCLiSMBVwPFnApXPtqNThZG7925ViHAD1VhC1,11730.498666
6ANEpcgv4yYYawyQonB2ZPEwQCcm1QhGYyb8NWH9yPPY,11564.438962
5JzDsE6YVzz7mnk17TmfFH7jtjvRiL294SUzBj6YzQmR,11453.523803
EoFpe8C88tRSaWSqnKrQSMe77jgnMFajKx6wKE1KpagK,11418.355438
7tMX3NmxXUybPqov2XJtgevm7NJj7vijj59nMCFxvGxc,11158.071799
JB4Wsb8Fho1fZjExwSCiPRPr8eLv293Ut7tLype3LLKT,10891.264403
8uTk13KqoVXFBwNYJDn6Li3VyzXZxjy26s6VJgHq6oPK,10745.953256
FKmAiBMUCWVZ9nUJxmCzepv3TvqMn2fmD8xPryRHPEWn,10414.470981
Gti6VLcejG618k1S9BXKuqF5PYDNSKkJwupUwwxB9T7R,10308.949497
5S7LKhAuDVr6ggH2hPAPjYF3cCQNjRKULkguF6RfTjvb,10000.0
ArXAExNfoKeQQHU8pMSbNdKqQz5AWpfAHiLdEeESb5BK,9831.161253
GQp9iE4LnWLGw35rzAwShrBDtzVGYDqPL6DL3nkWkmfs,9195.08875
21G8ytDX3xbmevqAqYKKbbsxpMRxXcFXVqY96Sv9vpsi,9057.953078
Bwc9gEM9yoaJLonsbabnumc2WT655ugv1tNMfvDrEKQP,9000.467331
3RcGGzkx68fdVmF3RL31MEXjgLBuAZVjxjj4ZkD3cUNw,8630.251628
A414cfp69YrMH1q39d2VfVPwfepEfqGYitCFaFHMYbUt,8011.87872
ETpbLnFAjhbP6FSXcrNt3EEMpoq1nmTUhcmC8SJY2exX,7918.612044
CZnhc65LnFHdvjsSCjHfcwNJEg78KmaA9M4CrBW1GiCE,7470.310242
Ao6E1tQcgLoG38EnXMq7SBbfm9NxdHB43hh3zaYdmyjM,7218.738438
4nsXP4SoXCkQnLKXZZdoGNQWRxgHz7TrjgQvDavQpgev,6911.320798
DLXX9UpomdBuFQWnV8xVeHagc56SEBWtB8WNgzvwfX4m,6083.631779
3PP9rAxSyKeJFk1R29UXgSsJ5krrXomEEVjg1PbACda8,5791.483227
GFQyiNZ53pf7aWaHe8w2ZEoCdbZiWXeEs5WeWk6GziKs,5780.214958
B8ErNeEZpJxhjhd1BUQieXpz4PrAmiewMS7Hknwruds1,5713.627159
7cFPiEp5xWuzvsjjZ6yLModsqXWJ6pSAVH4Jy1hH5i9e,5511.484585
EzkQaCvNyvpQAnxZ15nLMLrTf6xczjSaGGbv8ciQekJt,5508.265855
8sYS6bKcCzYFEbvAbyZZZzsbeheqGQdQzdXwdQMPxuuJ,5359.243101
DEAKAuxxr3ZtvucQR9anYqE9fKv2up54yPxETbWcTS15,5334.407203
GkpE2axxoKHeUP6wAXPTe8cKeBMCwF3xmsf4XpAnKXTd,5256.988303
GqSxWQBHKzDLqY3DrXtdfbdibhi2YYJaSstcTd7aJ4c2,5243.55236
AzQQJXqHfW3cxKrsqF1BAsZok9qmzSu6rM85dfvQXahL,5234.688403
8hwXEEdnCfA7eZLiEY1T8FyWerCaKuyEW3gUNkbeTNop,5200.527251
4gKMFR8PjXWdh67imR2DNvXqYb57Ao5SNyhLQLENbTmZ,5187.700781
7dc5ReyWQf1ZELLTB7xKYAttdLPdN8CPS36JWPt7D3Ac,5116.670206
9qUpvo7CFAambEmp6GcsEmDo3kwfbMRjyHKkdYwRVXLQ,4949.082521
4amWf39i5xGMDbZDa6gNNYLMpuVtDxeX8DeGBnsnPXrL,4940.653557
53RM1LohfMiKedM49N92EiiXDyLLCKXY4ThKZLyakEsQ,4871.163587
4L6PBCTTy4u1XDFz1pPri6PW9MN8o7wvNyeTBAnSs9Vt,4799.307628
9LXfY1LAwKtGYkCtYfjQ1XqC2xXtDLKEphQ56zTaeJTs,4719.297596
6tSz5R4m8LxzFJs9LwPtU4gDzDt86HVhffRpdQRCb73,4640.586798
F9EcjiS2zyKPv5HYMUihVzbvkci6Nak7KkTPQf9USV2w,4371.0
E5fKW3HxbgeCk6xECe1XRoaHaXudXEqv4XeEyknza2xs,4024.471316
2Rc3C69tfujC9prKEa6qQ44NmWVJbTwVETWoggB4agYG,3798.625088
2vcpALMUaVMttYLBnfWWkBngXZW2AhPdNAWUMAH4Hsrb,3767.689922
HAD4m77wr1d9fjrrv9gdnWhYCaMwpTttN357HJgkT7eT,3193.551721
9wVp2RfTiT46LE8hciK4DeESNunoEBfHpsAApd9mymxN,3055.864328
Bx5PrgKRWkAmYeSxs8Bt6j7UC9khXFi6cT7Agwhi4B36,2855.61066
9rDwrDtYKLY5u2XGpsAitCtcjsaH2UsaASTPYBrTgJip,2541.02035
HbLEAbXG8AjEC4tU6YWSfVaVTjuP5zpbepD2wnfpgB52,2534.491363
XTYxmqYdS66fGJcH2y5W8M9TnaVa1x41rgvconK51JS,2519.6426
FQfhtbjQNn3gH5bpQwJkwMt8qpmH3SLzGJ147bHfTzSM,2497.377941
8FTSvTbSdttDWQfw7TYn87LnTZSVrvk46csM8ELEokty,2308.86972
JDWZk9E25yjVCLoqB3pbcupSJx8rjcfHtpG7VE4eiBi9,2277.792841
6o53qeXMESG24HrAZdPFDwDyd3vuGXPGBA2DpfNyw5iq,2276.620111
HKjA8HfqK3KGjqwhxE7amy6koMoXHrNfkkpNYVLAhxP5,2275.230388
31UXoXdWHDzehbFeyBrtv9xWA9RL9eiPskqmGE6q6hVW,2274.642753
GY1XtVQgeKBAxW4GRNF2qbYxT6Baavqvm697q96m3xjK,2205.802974
9oNRAhqzh6EHXYmkShQ9qDy25MUrQAMv2JNd72WsdAXJ,2006.672224
7SXEzjpc3STFyZJNF1orjYKUKgmNyDsabHBZ6ukLBGqU,1997.04132
45umsfeem5DbdkTt2JEWXoh1j8w3P8txc6Uqi8PeTKk2,1816.914188
76RSsvSUUirtu7HDVoxFEmqkLifYNm4FSbWkUpBZcapJ,1768.22369
24zr2S6zxfm8qJv5xKVtk1kLZkdu4bXppxWRQRwESDw9,1595.917477
BpjaQX4eXQ1goAZnLDmhb1e43qN2BgQhZsVEY5knTYVx,1558.285028
BGJXckExE8BHDLDLnSUpCc9sojn12sVseYSZDr5cu1py,1546.891967
DaZBkmu4Qj5HRibxMsA9CD8Ta9n63EErzEktq1iTcEvX,1546.61489
AueTz4EvEGz9RLxV3oNmLh3WYXvEXprLd2fowpiZma3x,1541.285346
6jf5eP97MGzLhMKtbTkttFxXB27w1yGR54ARGKhXBBBt,1522.327665
FyAzvKger87yjk8fv88vyybRkL7gj2eLy62RbgXbN3QF,1452.285989
8HSyPnBWnFCZtVkuW18UVJoJx5SHu1UGc9mEc2q7vLG9,1359.436263
3anpGkutGFPGhoGxwjZMFkUEf9HZUQyig7vKqThhRGLN,1310.678841
3bJoek7ZqZW56RGGfieQSUJ6YfQVXaF5YTPZQeRvnZBP,1293.185109
33xJG5GPcgNqdbBHKFEK7nYwQ2FLr2eS2ZLKSBkLyNe3,1162.848028
HUTAeBkNMNzUoH4WaFAtT418s8yQaMZFo72EvR7jYsxQ,1145.145355
3x4okdnFTYdUkrvEWKPm17H4DNppY7SD884zNbTp496x,1111.221903
HYJXX2pBSLsjLE87vG7aSFJFFHwiRkcU4dmzm2ZZsf4T,999.845826
41YwDSvaNLPoFj3hVK1vNHUx5KQHy5ygi5rLqePMRMLG,991.317668
8k18gbKRngK6eiavZtsVLyYtUFaQZ3j5oQXCVD6Q96Sz,977.088124
GeWtSnyrWULzRjVugNSzJcqnmAaxT4oox5GPvMpaCJej,821.792965
HkApWrb7WncPJsqbhy3C8imUigV7APyy4c64yvDeTveD,765.60564
HcXjf4rWzdc2V3qZcaNJYgfi61sFTjBGUBYjxUT9GmRG,765.099474
8KNZtiM1V3fejC3TKYCLToU8cQ7NTbxgxcaXbT6SEb37,759.884844
7hX4FVbvZvShtKEqFr9hWW9Q2UJ8QfRSyq3Nuervgzna,741.544304
FnCh5PwgcGhyLmHdFzYNexmngZECxY4eruJKSjus5cyY,729.396089
DQo3X83xyEB74gE9ZbPEhtKtGt99ZDepprFuPGj2F2oH,688.544323
8uxtBsapPTxee6PebrCtaTVt1qsE5Rfh1j5r4boMFQcn,635.774992
E8vQ8jHZi5AjoddzjJqn2Bq3SNg7BUe8P29V7tyt2qLZ,539.913274
CAcQUYVnd24cLWmw54FLi7vpZRKqguy9HHz4ijVNPyb7,531.994162
Uy9oc7chJUrcWYZ1ihAa5HQ5vBMCEWeGT5cB73THLz2,446.214323
6LGUcy7C7KiHHmVJDowqisg8huVX2T3Lxa2mH4GigW8y,398.43884
3P9yo3jvrtURCJdaEreN7sDUsd4xAjBsCjSwaFxLSdmp,375.13606
GC2M1yV2JhraDjMvVBUL9B9GMcAXkYchfFukPJ4yZgSY,247.320947
CzbLavCo59V5WbysLegivJDrWPrH4XDsJ4T4keZMQVMN,204.643427
Xdn7EjSsNvhCtGLUoPjsWXCDFKfr2SvvZ2hMtanD6vS,173.356814
Atk9BtaPbbLdmsp5iMgqRBdLkSzziBWSqaXhzbxXQfrU,169.177199
29MWtW6Rsi6cN8BYgnK5W2HpEEj7LY6n7Zy1HHsoS8sC,126.434662
Fyqk8pAFJPVe5vzTjDENRURrWLaQ5YxyfRmfDX47ePp3,125.03127
7yQ8fvpEC9i4ZD9w1oS6WAEcTCxiAnvFSigHumhd59W5,123.728172
urzzpZfSDjgzVccs2JWBoZpwvBvrBQyz5d91E6eKp1u,86.885824
AP1kUCMgBZmdYtm33sGAi8Ax9aTQ2nFHBJRNBSjqXBi,72.0023
HqauZAXX3wYPoMaRHDFy9U1yLBMmMuXBThzjMRQ6egmF,60.340247
FpUu5ssL28dudp1uHHZj9CSaiczaLP2K6E64NmLj38Gt,54.135002
FwqaV2GTgK3AsVqiHGbQ5WzWaaTaRiXbRekVZdXJCKES,38.98277
DeSP69bRkNshb1BJ1agXa44Fyhg1pRWdrmp88ZZPM6hL,23.56994
Ep97AgXZqzstrkfWbzhwBZkZvutEQBczBuHUW8SbvdfY,21.698781
7gpYZg5DZW7xXw18yYLiWr45ywrYKUG43D8Q45PphmNA,17.361686
CXKgbQE8ni2Vgw9ggcRpiwkGGgznL4aX2mmYoTnsKDF9,13.766491
D66P331xc9bjiqg5wNfoLmwGxMzCgehzB4aE57HG7JT3,8.922317
7M8ruVgrDStCZ5287J3cVuNShcfrz3o4SAMq9sd9drYS,5.653322
BzfgRbVAa26Qr7GSyBUhTVdkgZqAqe3tKnbYuiFKXdB,4.947453
HVtLaCCPYHzKgf3LARpEJsEnyNnrjd3RmP4phkYxvfXP,4.831091
ay3MxRh3KxihcD3r2pcvZKHWF3QHdM4kv3G8CjNbsHS,4.369026
BhnxRr3uGDZwiEha434zX9Qtc3cUkBzaSBiEqCzw5qYi,4.13194
7Zd8FHUu52qX2yQiYyWT6cd6rViEmxRUdfMNd7uCYrEW,3.498029
347WDUDgSZQLPsN3qAcfFH14F5W27zwaWPoLugH3fv8J,3.047161
8vqH26GsnenYwFGu21vTd7tgT7DdRxEBV2xgAyx1sTD6,3.027027
65TVCnuGtRbgdGYvL6EN3S4pZibm5FYeQ9xf6GboChWB,1.762866
5Y1rpoBxMLGQxDZQ36FNsdJL6GHZUPmQR8wwKs2wHYUq,1.709287
HX5vzGqC1yVkeUg7nzx2pSERGuCwQ45qcaeX1oPRtihV,1.621133
FponxR6vYZLDWHBkjgyKEmJx6QGfPByVhKFgLDhnXDiu,1.054964
5WJ8vABvVHzNwutbtqKBAMPXWENa5Vin2i7FGKinPa9x,0.476405
CLWhZQw3Kxzu5BgisDQZL4d96SVHLA79AkVwkZ1VrTbC,0.440034
ErgEcpzGqy3cD51jaMEaGESuV1XMPcvqMcad7cg8Pitn,0.095563
HSp54GBuHTiBPCgbznUuz7XC6eDdkkogk9CWPyNTdpGr,0.070067
3ZGDcAsxdmspuqafeShyMpXHwVXFVjtgmyqfDNV4JjEX,0.047686
74nv2YwaSxNKB5vQ46wQJsNCU2MVcXsP1gFfLUS91AqR,0.024264
EU5zPMcNsLMTF1H7odF5XSQPRfDADcJGD38kKQDsKu36,0.015619
A1hbjJt8ZKbB8f49aPypGhKkmvVChYyKpFtJCiSD5tLF,0.011555
BaVpEiDyxAUUimRoF3U5TcXau5P4Dr5h1J5KHbfh7cbe,0.00975
B7KfaRkAarcVJaWDgyVFSr1TaLfc5sdK6Z1i1KWr68UN,0.009689
FdceaYY5d6jo1EsAB7paVcwQKaYe94ach71ETU4kLpxZ,0.009681
HhcA1GbBVKh5BpSuGvcvNGYzon5x8FVVLHjqG9g1xW4F,0.00949
6Y2gB8vnSRjgXN2LDBDhdDiPhHhK4ftB7QcvZ4n5FWHd,0.009271
24xBroYdzGcMo1GVUan1ApoVSAdwcL3i7SCd6w1tUVAH,0.00889
FbUbnxFgCDbADnwi6sFcjQFgyDezoktKCb7aFHDJ9y5M,0.008851
CLKtL8mLtxBWF7En29Fut6pgac7sMZZG8AxxqBtVzRkW,0.008724
491Y9gxQvFWcNfqypGu1NasfNXNMaSecdwK3Htcya9w7,0.008649
BdxhabhzjMeBt32xcszfAQsA41FGKqRauQW5rYN1GVfv,0.008442
BWj4kHyh2ioJXFapcApXTehSHkBbg4fyDYFJ1JV4Yk3c,0.008259
2DiYGajpM7aLGgiYBcyqfvG9boZFVQq675f6QKQwpKUM,0.008111
4vK2gNpU6PzC2rKq5JZUmdnV7tD7QQdUQE4FhK4saziz,0.008053
H278uZxTF99GJz641eNVhnrD9XhYUTpcnJYdn1nvBwRm,0.007813
WmSxvGgxLsF3YWwKB3qhBuiRRBG29nt71hbWevJKeJG,0.007728
kb7dqUHsxchSTbz6y1ptwcB1uhdtD2iMqWbRxsAPBm1,0.007637
2G93tRTQLoT8gqaPmdhBSTjTVX3eBBGeHkTdPuUcYc8j,0.007567
83SG9pqdudtXz21gY3xBbkM6LCN2WzkY1gCjPaS9ypLg,0.00748
GNHNHDuN8Zoa4HWKBuutdkzArZqns3kHBH6XwJaiTr21,0.00742
26FXCFGuqwzTVxbr1gZwpEFrNDSoz2CfGnt2Bm4zVhje,0.007327
35DNm4Vs7VWrhjfJ8M6F1tUtyL48FKuLVLJbHVWnTYby,0.007307
94AdN38bN5yAh3qd1qt5bXJ8qMLVnSLiFvahAGyvDzki,0.007227
Fq9881x7ixXoGcCngi1wfe1HA1eTzYdpnsYPZ4VYFHT1,0.007205
23U7ffNHU8yiogYyjQqrp1RiSf8iq3Dc6jz2hZvjsLq6,0.007139
EWycsgj4nWB2PPYkKCtmWJKfTX35siTuYpTcV2eVG1CS,0.007081
E98MWQfz5FxQMe4Qx4XuZQHr7GWjQ6pxQWsJfxKjc9YJ,0.006932
L1UjsDweXyYmNqNRxAYaeeMuhvMHS3TcV9FSN2J1yEN,0.006175
GnSqf64orZzW7AnzXTBcbok3Gz6Bc5ZJQ2DYXWqm39Lr,0.006055
ALGVewYJPtGMQk7BLvbccrkuGkqvR3RhW5QdtYZ5goBy,0.006013
G6rx42zxaXAPvLejcdTterWPfkMFjgeC4Hs7v94wfn64,0.005966
5fq42ENueT1HcgAPYsTg1fz95L4RrFeEjZoCrSj3saCi,0.005685
2aWbf7xSJZx8m2kjebPwtkK4L62VajwqfjAgHM53eXAe,0.005561
9NTQgMV2LGbVLG9AwzbV9zK7N9YnjSRk7tfjdTC35sSE,0.005561
BL2vqxiH93hsAjxjxmwUTQCs78TwHWJmscX3NcxKDuq2,0.005269
3bu28CUjEkduWe91dGusGQQJFykFj11mptP5zoEM4As1,0.00467
ACWpK7rY9Kq9dVQ99ajA8kGdB6uck3kaNHGnyL539URC,0.004567
CNfezSzyrVdj84HVth7bC5jxAXwVWGoSgARfRTcDMBvH,0.004031
4MWhxezudgoqWCrrbYQePKo65tFGquumBqXorpDj9Mw3,0.003875
8FaDtbAoihgRv14de2mkbo7jQ5ztaUnwi42QhpLamf5H,0.003867
85URi9Qn5yuUYBNFQ8TEGujmpCedhTTJm5dkTB2CBDjY,0.003843
2whVY7ahyxEU5CFmprkFHTpyjoMKA6hcWBN5yR4MZ35S,0.003779
4WCUZRoitW3g6mTjAk3JKXA7iqtNA8tFr4sfuBvHmJE9,0.003697
wo1vfKA1Gb3t6e3u8UBrmL8DngzfubnanCWqhgDUek6,0.00367
AA41oJYAGysE7KUU9ACfP2oJYruUvfvwnRLzpVe25gde,0.00367
DLbzd2UQyYMnZUEq7YiaS4DP6JPvFJSvg8HX6SuwrMiQ,0.003489
Gg3LzTcgN4e5LqUBQ6KAvNkZ2FTnDE5GHpxacwwRLWLu,0.003388
CYyykEjWBNBkBSFbR5dQBXA3Yi2mRZ69SkGvzAjqGc4U,0.003147
7tssiVFbatgh9R1BhYmnrdiPpkrP6CDsmooBA7nP2DQt,0.003023
2Q4sy8Mw5GtxXSWUMGmSvFoDGd2wsXtJ1cfdP4RujPRa,0.002888
tBUmXiJYEWR9G1wHzd7JCiE3DCWbpgVgKQdiAANqtUj,0.002484
JPtoFbzWabw2LAEbBCT4HCSWpTysAFdKEonsm6p6D1y,0.002393
3sYkVhBH8HZHaG4g9YAaVGLtJMzhTWfnGfSLkGUTs4vx,0.002326
ErnGQ3Hqqaeuub28WvJ7jpRd5fNXT1jsXYVYSA7GNFbZ,0.002103
3WVqXvFnYuirYNwaTUYnAQr2FUgScXVrp9jZ65KSjdpp,0.001972
DdqG9WvraE7hSuumq57TsLkxWcipatzcEdw8cEWR3M9h,0.001773
DYLXifyNrc9JpYC4yWTeLLrmPpysmkfYTUVbQvkPdJ4b,0.001598
H9L3W8UfNwqKWks1BHRcggM5pQWdcVbfKMjnoUjXaW8M,0.001583
B1uYms17S1Eqou1qkh92SHsA8oUupcfDQLH3t9qV3t1U,0.001015
7Vdg4N5vK5D1vDJ7ovEDaZ4dHbQ4GbuJ476hWeGpKDE1,0.000933
ERP5fGGTc5tZmzHCzsiyNXa1SguMvD5AjFRK4zehcT2u,0.000699
2WEbZQiBnorhvxRYt7iCnMhY1XgTo2uy63gc9LLJNt6x,0.000686
BaTa9f1g7DhFzCkFifXQSfiz53Qx8sLretirXwXCp3WN,0.000651
GZS3FoEQuHuptUvsk6mCrWxjt7R7Qqa2ox3crGN23c2D,0.000566
9jzK6SpPX5LGnsqhnf3tiqzhXQB7Thmyhus4cVm32dh,0.000428
CQqbA61s7Rw9Sje3PAuDSAUuZ58gqUVqSN3tZHzDAGNg,0.000306
7vVF6oKHEajAdT6jAw7veC8Vhp14RvuoGwaZ7UmpL9dM,0.000218
2T9qzM3zycsxaKBDZ5qbkK4nimFreThfyfQDfFvbBpif,0.000158
2C7HF9Tw3r1MuDgaeaQXLPEZQ3ZAN3PEDbEJQDPu2aB3,0.000141
GW1ept5st6qxUqTxRHSe2rTjUzCrGXETTsdx3663tiaH,0.000122
9MUu8m2ERvZoeNqiMERamqLrnLKh3m2Td56QgbNPLNi1,7e-05
8RXqdSRFGLX8iifT2Cu5gD3fG7G4XcEBWCk9X5JejpG3,4.1e-05
8nDSWTiU6yRS467WHBrkUfDvFwVMoxDgwzqhxZ5mAPud,1.4e-05
3FSQVuqeeDzxbrvkfJRtoBz6H3pJisxiuWQd9UquwSgg,7e-06
HjcE49Mo9ZsULuKEooytgbQteBZBknP58dXiaCRoSNqp,2e-06
AVWGubND65nHYrMJRCM9qYYpxvT82sDXpJ9RTqUDHGne,11450241.866406
9LcHD9E5KNDyLZTDpqRXJEY1c9nhJKSbAwAqm3kxNcMr,868585.961776
7qNzoDNmCXXmJUiQqjstzEYTYHKRhhC7Hj2teMX2Lex5,585845.345175
7LkwDvJJs1wFfVEr3dPcLuTax3uYmQwEvvzY1DYXecSp,575280.43333
4V9JLjensLG2B8MzFA21acP5Un6QF5rC9fPdM3kiAPTB,213346.612281
HMQ5BkJaK8SkmGmLSzEHd2JSmwF94hDAMkmvdKvNC2Gc,156955.918114
2QUSBD5LmpQp94GPjynQ5khyKb5jGtLT7hBvVyVgCM86,156335.081738
3htWTdsotRTDTHAMfVmohnfYAt19Q9kZCWkenCG6HszD,153387.583132
Geip7CJhBDxELztbxpb1HMuLkrMTyJcewyiCUfqkcCk9,20264.778959
CnegK16ECvLv6syTCMF6AkeUFQhrbrMxckyABd38b7q2,14734.138493
GNRvke1URS5DAmHqrhmVL6fRX7d4YNsZNreYF4m6BxoY,5070.699396
6rGzNyFExMGLRUT9NmYBQjWDx352NGNVcdLnns9Qh2kT,4549.938832
5fZQkumKJaaTCTXaZ3t533BskrixX6piiozh1ZaoLgFh,0.763851
3n9LyyftsXX7g1eC2bXr6Dh3V6Xzu653LAdx8FnmPkSD,1427.583527
